-- phpMyAdmin SQL Dump
-- version 4.8.2
-- https://www.phpmyadmin.net/
--
-- Host: 127.0.0.1
-- Generation Time: Feb 27, 2020 at 08:00 PM
-- Server version: 10.1.34-MariaDB
-- PHP Version: 7.2.7

SET SQL_MODE = "NO_AUTO_VALUE_ON_ZERO";
SET AUTOCOMMIT = 0;
START TRANSACTION;
SET time_zone = "+00:00";


/*!40101 SET @OLD_CHARACTER_SET_CLIENT=@@CHARACTER_SET_CLIENT */;
/*!40101 SET @OLD_CHARACTER_SET_RESULTS=@@CHARACTER_SET_RESULTS */;
/*!40101 SET @OLD_COLLATION_CONNECTION=@@COLLATION_CONNECTION */;
/*!40101 SET NAMES utf8mb4 */;

--
-- Database: `laravel_blog`
--

-- --------------------------------------------------------

--
-- Table structure for table `comments`
--

CREATE TABLE `comments` (
  `id` bigint(20) UNSIGNED NOT NULL,
  `comment` text COLLATE utf8mb4_unicode_ci NOT NULL,
  `post_id` bigint(20) UNSIGNED NOT NULL,
  `user_id` bigint(20) UNSIGNED NOT NULL,
  `created_at` timestamp NULL DEFAULT NULL,
  `updated_at` timestamp NULL DEFAULT NULL
) ENGINE=InnoDB DEFAULT CHARSET=utf8mb4 COLLATE=utf8mb4_unicode_ci;

--
-- Dumping data for table `comments`
--

INSERT INTO `comments` (`id`, `comment`, `post_id`, `user_id`, `created_at`, `updated_at`) VALUES
(1, 'Perspiciatis iste voluptas excepturi facere occaecati autem odio.', 33, 49, '2020-02-27 16:06:54', '2020-02-27 16:06:54'),
(2, 'Laborum non aut quia a et quas aspernatur.', 184, 44, '2020-02-27 16:06:54', '2020-02-27 16:06:54'),
(3, 'Similique deserunt error quasi accusantium quia.', 116, 23, '2020-02-27 16:06:54', '2020-02-27 16:06:54'),
(4, 'Saepe quibusdam dignissimos et quae nam.', 109, 38, '2020-02-27 16:06:55', '2020-02-27 16:06:55'),
(5, 'Ipsam commodi molestiae consectetur fugiat voluptates amet.', 82, 37, '2020-02-27 16:06:55', '2020-02-27 16:06:55'),
(6, 'Distinctio autem et quas nemo.', 86, 39, '2020-02-27 16:06:55', '2020-02-27 16:06:55'),
(7, 'Unde et quasi perferendis sequi optio et. Illo tempora error cumque fugit dolorum saepe recusandae nulla.', 101, 27, '2020-02-27 16:06:55', '2020-02-27 16:06:55'),
(8, 'Iusto veritatis quidem quis aliquam.', 159, 48, '2020-02-27 16:06:55', '2020-02-27 16:06:55'),
(9, 'Qui asperiores eum nemo odit illum corporis in omnis.', 136, 40, '2020-02-27 16:06:55', '2020-02-27 16:06:55'),
(10, 'Consequatur eos exercitationem similique blanditiis incidunt dolorem libero. Omnis aut non architecto earum eveniet distinctio eius.', 15, 31, '2020-02-27 16:06:55', '2020-02-27 16:06:55'),
(11, 'Et autem quam quia porro doloribus.', 118, 22, '2020-02-27 16:06:55', '2020-02-27 16:06:55'),
(12, 'Nihil accusamus sed exercitationem.', 174, 19, '2020-02-27 16:06:55', '2020-02-27 16:06:55'),
(13, 'Quia non sunt voluptatem qui.', 45, 50, '2020-02-27 16:06:55', '2020-02-27 16:06:55'),
(14, 'Nihil delectus rerum aut doloribus.', 5, 25, '2020-02-27 16:06:55', '2020-02-27 16:06:55'),
(15, 'Illo minima molestiae dignissimos similique voluptate dolor repellendus.', 51, 8, '2020-02-27 16:06:55', '2020-02-27 16:06:55'),
(16, 'Dolores numquam numquam cum rerum repellat et omnis. Laudantium non cupiditate ipsam et eos ducimus.', 49, 47, '2020-02-27 16:06:55', '2020-02-27 16:06:55'),
(17, 'Architecto non labore maiores expedita in adipisci voluptates pariatur.', 123, 1, '2020-02-27 16:06:55', '2020-02-27 16:06:55'),
(18, 'Necessitatibus voluptas odit dolores qui fuga iusto ut. Id rerum molestias ex est vitae ut quae.', 3, 50, '2020-02-27 16:06:55', '2020-02-27 16:06:55'),
(19, 'Modi officia qui reprehenderit eum error aut omnis. Aut veniam aut sint rerum hic vitae dolorem doloremque.', 114, 4, '2020-02-27 16:06:55', '2020-02-27 16:06:55'),
(20, 'Quasi autem nam atque voluptatum illum.', 194, 32, '2020-02-27 16:06:55', '2020-02-27 16:06:55'),
(21, 'Quidem est in quia aperiam dicta delectus quae quasi.', 179, 8, '2020-02-27 16:06:55', '2020-02-27 16:06:55'),
(22, 'Rem rerum perferendis animi rerum. Id quo sit at magnam voluptatem.', 175, 38, '2020-02-27 16:06:55', '2020-02-27 16:06:55'),
(23, 'Autem enim quae expedita asperiores fugit.', 23, 38, '2020-02-27 16:06:55', '2020-02-27 16:06:55'),
(24, 'Error autem itaque mollitia sunt ullam saepe. Ratione quam nihil ea voluptas incidunt a.', 52, 35, '2020-02-27 16:06:55', '2020-02-27 16:06:55'),
(25, 'Id quaerat labore expedita earum voluptatem non. Tenetur sit aliquam omnis.', 194, 2, '2020-02-27 16:06:55', '2020-02-27 16:06:55'),
(26, 'Quasi sequi illo et quidem qui est saepe.', 35, 4, '2020-02-27 16:06:55', '2020-02-27 16:06:55'),
(27, 'Consequatur ut nostrum sed veniam sapiente eaque et. Reiciendis consequatur repellat consectetur nam eius aspernatur dolorum ex.', 23, 37, '2020-02-27 16:06:55', '2020-02-27 16:06:55'),
(28, 'Cumque incidunt quibusdam ducimus iure velit fugit. Voluptas mollitia minus modi asperiores expedita delectus laboriosam.', 173, 14, '2020-02-27 16:06:55', '2020-02-27 16:06:55'),
(29, 'Iusto optio molestias natus corporis ab non. Explicabo et quidem sed excepturi id eum dolores.', 70, 47, '2020-02-27 16:06:55', '2020-02-27 16:06:55'),
(30, 'Iste odit et expedita ea.', 25, 27, '2020-02-27 16:06:55', '2020-02-27 16:06:55'),
(31, 'Aspernatur ut temporibus dolorum non eius. Voluptates tempora quaerat voluptatum illum in repellendus eveniet.', 126, 22, '2020-02-27 16:06:55', '2020-02-27 16:06:55'),
(32, 'Nihil et laudantium necessitatibus nulla eaque sequi cumque.', 118, 48, '2020-02-27 16:06:56', '2020-02-27 16:06:56'),
(33, 'Optio blanditiis non et quis dolor perspiciatis vero sed.', 180, 28, '2020-02-27 16:06:56', '2020-02-27 16:06:56'),
(34, 'Distinctio voluptatem optio ipsa aut voluptas veniam.', 80, 17, '2020-02-27 16:06:56', '2020-02-27 16:06:56'),
(35, 'Dolorem occaecati velit quae dolores repellendus sit ea.', 118, 22, '2020-02-27 16:06:56', '2020-02-27 16:06:56'),
(36, 'Eaque impedit cumque qui. Adipisci quis mollitia consectetur fugiat ea soluta.', 132, 6, '2020-02-27 16:06:56', '2020-02-27 16:06:56'),
(37, 'Temporibus atque ducimus iusto autem.', 139, 38, '2020-02-27 16:06:56', '2020-02-27 16:06:56'),
(38, 'Nemo dolorem quia harum doloribus sunt ducimus.', 3, 4, '2020-02-27 16:06:56', '2020-02-27 16:06:56'),
(39, 'Qui qui sit et alias. Consectetur voluptatem sunt sunt est aut aut ut animi.', 32, 11, '2020-02-27 16:06:56', '2020-02-27 16:06:56'),
(40, 'Est minima officia quidem.', 120, 28, '2020-02-27 16:06:56', '2020-02-27 16:06:56'),
(41, 'Optio et qui expedita aperiam totam molestias maxime.', 41, 42, '2020-02-27 16:06:56', '2020-02-27 16:06:56'),
(42, 'Velit tempora dolorum ipsa ut rerum quia. Laboriosam quisquam delectus dicta qui dolorum.', 184, 50, '2020-02-27 16:06:56', '2020-02-27 16:06:56'),
(43, 'Omnis deserunt occaecati magnam. Dolorum est nesciunt voluptas iste.', 45, 32, '2020-02-27 16:06:56', '2020-02-27 16:06:56'),
(44, 'Velit sapiente aspernatur facilis et quod recusandae maxime.', 38, 41, '2020-02-27 16:06:56', '2020-02-27 16:06:56'),
(45, 'Atque dolores optio reprehenderit esse ea.', 78, 24, '2020-02-27 16:06:56', '2020-02-27 16:06:56'),
(46, 'Nostrum veritatis et ut et. Ut quas et praesentium tempora sit odio qui.', 42, 29, '2020-02-27 16:06:56', '2020-02-27 16:06:56'),
(47, 'Voluptatum est omnis consectetur aut enim eos. Rerum odit tempore aut perferendis facere vitae.', 184, 15, '2020-02-27 16:06:56', '2020-02-27 16:06:56'),
(48, 'Voluptas nulla ipsam autem quia qui et sit.', 54, 37, '2020-02-27 16:06:56', '2020-02-27 16:06:56'),
(49, 'In eius quia distinctio quod. Est aliquid quos similique ullam aut blanditiis blanditiis.', 11, 24, '2020-02-27 16:06:56', '2020-02-27 16:06:56'),
(50, 'Neque sunt rem culpa molestias natus qui quia est.', 163, 4, '2020-02-27 16:06:56', '2020-02-27 16:06:56'),
(51, 'Corrupti provident unde ut.', 161, 14, '2020-02-27 16:06:56', '2020-02-27 16:06:56'),
(52, 'Eos et asperiores laborum. Iste tenetur ipsam est delectus sequi.', 109, 46, '2020-02-27 16:06:56', '2020-02-27 16:06:56'),
(53, 'Explicabo fugit quis voluptatem possimus tempore quo. Et soluta praesentium corrupti id nulla modi.', 116, 16, '2020-02-27 16:06:56', '2020-02-27 16:06:56'),
(54, 'Voluptate possimus at iure velit voluptatem fugiat. Quas minima nihil rerum totam dolorem dignissimos id.', 20, 38, '2020-02-27 16:06:56', '2020-02-27 16:06:56'),
(55, 'Molestiae consequatur molestias repudiandae. Dolor illum inventore aut est debitis enim distinctio.', 142, 41, '2020-02-27 16:06:56', '2020-02-27 16:06:56'),
(56, 'Ut dicta cumque non accusantium repudiandae possimus voluptas. Distinctio autem consequatur a enim non maxime nostrum.', 185, 27, '2020-02-27 16:06:56', '2020-02-27 16:06:56'),
(57, 'Non optio quasi et quo. Ex odit consequatur sunt dolore aliquam illo non ipsum.', 127, 42, '2020-02-27 16:06:56', '2020-02-27 16:06:56'),
(58, 'Adipisci illum voluptatem sed et nam.', 184, 4, '2020-02-27 16:06:56', '2020-02-27 16:06:56'),
(59, 'Consequatur ea excepturi et delectus. Numquam magni nostrum temporibus sunt asperiores sunt occaecati.', 89, 14, '2020-02-27 16:06:57', '2020-02-27 16:06:57'),
(60, 'Omnis alias vel in aut quisquam necessitatibus sed.', 24, 17, '2020-02-27 16:06:57', '2020-02-27 16:06:57'),
(61, 'Voluptatem eligendi iure aliquid quisquam aut.', 57, 18, '2020-02-27 16:06:57', '2020-02-27 16:06:57'),
(62, 'Repudiandae autem sequi eos dolores sint.', 16, 28, '2020-02-27 16:06:57', '2020-02-27 16:06:57'),
(63, 'Nesciunt magni similique quos ullam quaerat.', 166, 8, '2020-02-27 16:06:57', '2020-02-27 16:06:57'),
(64, 'Voluptatibus placeat et sequi aliquam velit nostrum.', 102, 12, '2020-02-27 16:06:57', '2020-02-27 16:06:57'),
(65, 'Laborum autem quibusdam placeat adipisci expedita.', 42, 48, '2020-02-27 16:06:57', '2020-02-27 16:06:57'),
(66, 'Dolor minima tempore unde natus pariatur. Illum nihil aspernatur nulla laudantium magni doloremque harum.', 114, 21, '2020-02-27 16:06:57', '2020-02-27 16:06:57'),
(67, 'Et architecto voluptatem aspernatur soluta beatae.', 58, 23, '2020-02-27 16:06:57', '2020-02-27 16:06:57'),
(68, 'Tempore laborum eius a doloribus soluta quo eveniet.', 111, 6, '2020-02-27 16:06:57', '2020-02-27 16:06:57'),
(69, 'Est est id fuga molestiae aut saepe dolorem.', 47, 36, '2020-02-27 16:06:57', '2020-02-27 16:06:57'),
(70, 'Dolor aperiam eveniet dignissimos fugiat molestiae voluptas. Et ut quam architecto corrupti dicta et veritatis.', 56, 30, '2020-02-27 16:06:57', '2020-02-27 16:06:57'),
(71, 'Amet consequuntur nam iure eos dolorem nesciunt quis.', 200, 15, '2020-02-27 16:06:57', '2020-02-27 16:06:57'),
(72, 'Blanditiis perferendis nostrum vel. Quo consequuntur et id quam est aut recusandae.', 77, 38, '2020-02-27 16:06:57', '2020-02-27 16:06:57'),
(73, 'Sint aut nostrum sed libero.', 110, 15, '2020-02-27 16:06:57', '2020-02-27 16:06:57'),
(74, 'Ut voluptate facere fuga consequatur vero rerum. Illum ut ducimus magnam adipisci neque dolor.', 163, 43, '2020-02-27 16:06:57', '2020-02-27 16:06:57'),
(75, 'Quam et ipsum molestiae asperiores dolor.', 153, 36, '2020-02-27 16:06:57', '2020-02-27 16:06:57'),
(76, 'Quia error nisi odit magni. Ut quis sunt ducimus sequi sapiente adipisci.', 99, 20, '2020-02-27 16:06:57', '2020-02-27 16:06:57'),
(77, 'Distinctio qui et et laudantium quas excepturi.', 168, 5, '2020-02-27 16:06:57', '2020-02-27 16:06:57'),
(78, 'Nesciunt voluptates hic minima autem earum necessitatibus vero.', 100, 39, '2020-02-27 16:06:57', '2020-02-27 16:06:57'),
(79, 'Aut itaque omnis et esse sequi ratione nobis.', 187, 1, '2020-02-27 16:06:57', '2020-02-27 16:06:57'),
(80, 'Cupiditate non ea voluptas eos officiis voluptatem pariatur. Debitis voluptatem ipsa repudiandae aut ut quas.', 58, 5, '2020-02-27 16:06:57', '2020-02-27 16:06:57'),
(81, 'Dignissimos facilis quidem corrupti in excepturi.', 142, 38, '2020-02-27 16:06:57', '2020-02-27 16:06:57'),
(82, 'Nihil incidunt repudiandae quibusdam impedit recusandae quibusdam.', 142, 19, '2020-02-27 16:06:57', '2020-02-27 16:06:57'),
(83, 'Est quasi minima animi cumque nulla in. Aliquam ea perferendis architecto maiores amet nulla et qui.', 66, 8, '2020-02-27 16:06:57', '2020-02-27 16:06:57'),
(84, 'Pariatur similique sed dolorum excepturi qui aliquam itaque. Pariatur laudantium quae aut quia animi.', 168, 34, '2020-02-27 16:06:57', '2020-02-27 16:06:57'),
(85, 'Est dolorum enim rerum labore rerum molestiae. Quaerat veritatis nostrum nam quam assumenda ipsum quo.', 179, 6, '2020-02-27 16:06:57', '2020-02-27 16:06:57'),
(86, 'Dolorum illo expedita modi ullam iste dicta. Blanditiis neque quasi voluptatem aut tempora nihil.', 87, 35, '2020-02-27 16:06:57', '2020-02-27 16:06:57'),
(87, 'Esse quia odio ea maiores.', 176, 28, '2020-02-27 16:06:58', '2020-02-27 16:06:58'),
(88, 'Cumque deleniti unde tenetur voluptas iure dolorum.', 29, 37, '2020-02-27 16:06:58', '2020-02-27 16:06:58'),
(89, 'Laboriosam quia qui est quibusdam. Et fugit cupiditate molestiae.', 77, 5, '2020-02-27 16:06:58', '2020-02-27 16:06:58'),
(90, 'Aut voluptate sed illum numquam sed quod.', 144, 47, '2020-02-27 16:06:58', '2020-02-27 16:06:58'),
(91, 'Ratione laborum non facere cupiditate neque voluptas. Fuga hic nostrum praesentium.', 29, 47, '2020-02-27 16:06:58', '2020-02-27 16:06:58'),
(92, 'Odit minima debitis et quia nemo velit nostrum.', 70, 7, '2020-02-27 16:06:58', '2020-02-27 16:06:58'),
(93, 'Voluptatibus ex consequuntur accusamus aliquam ipsa quasi iusto.', 111, 37, '2020-02-27 16:06:58', '2020-02-27 16:06:58'),
(94, 'Eveniet expedita quam atque officia. Est sunt et qui porro dolor fugiat ut aut.', 101, 5, '2020-02-27 16:06:58', '2020-02-27 16:06:58'),
(95, 'Voluptas dolore adipisci quo omnis ullam et labore. Sapiente dolore atque eligendi qui.', 152, 7, '2020-02-27 16:06:58', '2020-02-27 16:06:58'),
(96, 'Explicabo aliquam quo id porro in repellendus dolorum.', 18, 47, '2020-02-27 16:06:58', '2020-02-27 16:06:58'),
(97, 'Aperiam quis consequuntur rerum nihil.', 91, 10, '2020-02-27 16:06:58', '2020-02-27 16:06:58'),
(98, 'Laudantium ipsam est accusamus ipsam amet.', 75, 2, '2020-02-27 16:06:58', '2020-02-27 16:06:58'),
(99, 'Et sit voluptatem delectus asperiores velit molestiae. Quia itaque illum cupiditate saepe.', 83, 33, '2020-02-27 16:06:58', '2020-02-27 16:06:58'),
(100, 'Voluptatem voluptatem facere culpa beatae.', 22, 36, '2020-02-27 16:06:58', '2020-02-27 16:06:58'),
(101, 'Laborum reprehenderit voluptas explicabo incidunt sunt. Ut ut dolorum qui eos fugit harum ut.', 165, 2, '2020-02-27 16:06:58', '2020-02-27 16:06:58'),
(102, 'Velit officia et et dolor non repudiandae assumenda. Alias debitis officia non similique adipisci.', 172, 9, '2020-02-27 16:06:58', '2020-02-27 16:06:58'),
(103, 'Incidunt laboriosam id est minima quos deserunt. Dignissimos ducimus voluptatem quis.', 11, 49, '2020-02-27 16:06:58', '2020-02-27 16:06:58'),
(104, 'Ratione sunt culpa aut sunt.', 43, 23, '2020-02-27 16:06:58', '2020-02-27 16:06:58'),
(105, 'Sunt qui nemo totam animi omnis laborum optio.', 54, 14, '2020-02-27 16:06:58', '2020-02-27 16:06:58'),
(106, 'Totam vitae repellendus accusamus vitae architecto voluptatem commodi dolorum. Magni ad cum voluptatem voluptatibus repellendus perferendis hic.', 101, 1, '2020-02-27 16:06:58', '2020-02-27 16:06:58'),
(107, 'Quae est atque perferendis consequuntur aliquam minima. At voluptatem soluta aut eius voluptatem.', 104, 17, '2020-02-27 16:06:58', '2020-02-27 16:06:58'),
(108, 'Aut voluptate sunt quae qui praesentium.', 109, 48, '2020-02-27 16:06:58', '2020-02-27 16:06:58'),
(109, 'Ipsa aut eos eveniet nobis deleniti. Consectetur dolor deserunt quas et dolore praesentium occaecati ea.', 11, 27, '2020-02-27 16:06:58', '2020-02-27 16:06:58'),
(110, 'Necessitatibus velit pariatur consectetur non officiis hic non. Dolorem nisi exercitationem accusantium enim rerum.', 6, 48, '2020-02-27 16:06:58', '2020-02-27 16:06:58'),
(111, 'Minima deserunt voluptatem sint explicabo voluptatem assumenda.', 155, 33, '2020-02-27 16:06:58', '2020-02-27 16:06:58'),
(112, 'Rerum dignissimos ea ducimus vel nostrum debitis molestiae.', 30, 25, '2020-02-27 16:06:58', '2020-02-27 16:06:58'),
(113, 'Consequatur voluptatum aut aut doloribus dolorem nulla. Quidem est omnis optio vel.', 193, 10, '2020-02-27 16:06:58', '2020-02-27 16:06:58'),
(114, 'Perspiciatis est aut eum officia. Minus dolorem aut vero accusantium quia.', 70, 43, '2020-02-27 16:06:58', '2020-02-27 16:06:58'),
(115, 'Est recusandae magni excepturi provident dolorem maxime. Enim tempora saepe qui inventore qui ea nesciunt.', 103, 50, '2020-02-27 16:06:58', '2020-02-27 16:06:58'),
(116, 'Perspiciatis vero adipisci vero in alias nihil. Asperiores non aut enim quod soluta saepe laboriosam.', 62, 36, '2020-02-27 16:06:58', '2020-02-27 16:06:58'),
(117, 'Molestias aut quae ut omnis quia et. A aperiam distinctio sed consectetur distinctio voluptate nobis.', 186, 4, '2020-02-27 16:06:59', '2020-02-27 16:06:59'),
(118, 'Fugiat sit sunt omnis accusantium alias officia earum. Est autem non porro fugit voluptas.', 126, 32, '2020-02-27 16:06:59', '2020-02-27 16:06:59'),
(119, 'Quam quisquam tempora dolorem possimus ab corporis quia. Nihil repudiandae qui modi rerum odit.', 21, 24, '2020-02-27 16:06:59', '2020-02-27 16:06:59'),
(120, 'Repudiandae fugiat velit qui voluptates consequatur enim nulla laudantium.', 190, 24, '2020-02-27 16:06:59', '2020-02-27 16:06:59'),
(121, 'Maxime cupiditate numquam autem vel. Placeat est laborum totam laudantium natus consequatur nesciunt.', 165, 32, '2020-02-27 16:06:59', '2020-02-27 16:06:59'),
(122, 'Dolores sequi cupiditate amet numquam corporis. Cum sequi ut molestiae cumque.', 22, 3, '2020-02-27 16:06:59', '2020-02-27 16:06:59'),
(123, 'Molestiae in perferendis consequuntur corporis.', 4, 11, '2020-02-27 16:06:59', '2020-02-27 16:06:59'),
(124, 'Eos adipisci eaque cum reprehenderit.', 93, 46, '2020-02-27 16:06:59', '2020-02-27 16:06:59'),
(125, 'Dolorem rerum est aut. Natus minus distinctio sequi et voluptatem aut aut est.', 194, 24, '2020-02-27 16:06:59', '2020-02-27 16:06:59'),
(126, 'Impedit maiores minus omnis rem. Aut amet modi odit ipsa et ab.', 170, 11, '2020-02-27 16:06:59', '2020-02-27 16:06:59'),
(127, 'Eos quo ex tempora omnis voluptas eveniet enim id. Consectetur illo est consequuntur tempore perspiciatis sit.', 93, 8, '2020-02-27 16:06:59', '2020-02-27 16:06:59'),
(128, 'Quis nulla odit aut adipisci ab maiores rerum. Sit blanditiis iusto inventore voluptas.', 45, 29, '2020-02-27 16:06:59', '2020-02-27 16:06:59'),
(129, 'Itaque consequatur eligendi minima et soluta aut modi.', 54, 28, '2020-02-27 16:06:59', '2020-02-27 16:06:59'),
(130, 'Quo ea in illum et eos.', 151, 34, '2020-02-27 16:06:59', '2020-02-27 16:06:59'),
(131, 'Et inventore iure vel.', 125, 13, '2020-02-27 16:06:59', '2020-02-27 16:06:59'),
(132, 'Neque ratione eos eveniet possimus eius in quia officia.', 167, 10, '2020-02-27 16:06:59', '2020-02-27 16:06:59'),
(133, 'Mollitia sunt impedit et vel ut modi.', 153, 36, '2020-02-27 16:06:59', '2020-02-27 16:06:59'),
(134, 'Possimus sint autem perspiciatis iusto possimus in. Laboriosam voluptas sed ea et.', 166, 27, '2020-02-27 16:06:59', '2020-02-27 16:06:59'),
(135, 'Ullam iusto suscipit architecto debitis.', 90, 24, '2020-02-27 16:06:59', '2020-02-27 16:06:59'),
(136, 'Est consequatur cumque cumque voluptatum similique vitae. Ullam quia impedit et sit totam quo.', 33, 22, '2020-02-27 16:06:59', '2020-02-27 16:06:59'),
(137, 'Voluptates quia eum rerum iure est error non. Id eum ipsa rerum quia ratione.', 87, 2, '2020-02-27 16:06:59', '2020-02-27 16:06:59'),
(138, 'Vitae earum saepe magnam voluptas labore perferendis temporibus.', 62, 19, '2020-02-27 16:06:59', '2020-02-27 16:06:59'),
(139, 'Quibusdam inventore vel cum consequatur vitae.', 38, 50, '2020-02-27 16:06:59', '2020-02-27 16:06:59'),
(140, 'Laboriosam exercitationem pariatur soluta praesentium possimus nihil omnis.', 155, 18, '2020-02-27 16:06:59', '2020-02-27 16:06:59'),
(141, 'Et id animi velit repellat.', 150, 38, '2020-02-27 16:06:59', '2020-02-27 16:06:59'),
(142, 'Et voluptatem ducimus minus deleniti et.', 159, 16, '2020-02-27 16:06:59', '2020-02-27 16:06:59'),
(143, 'In adipisci dolor voluptas ipsa veritatis consequatur ad fugiat.', 192, 4, '2020-02-27 16:07:00', '2020-02-27 16:07:00'),
(144, 'Dolores voluptatem inventore veritatis illum odit nesciunt necessitatibus impedit.', 178, 14, '2020-02-27 16:07:00', '2020-02-27 16:07:00'),
(145, 'Dolorem optio adipisci non maiores consequatur voluptatibus. Exercitationem ipsam inventore omnis molestiae necessitatibus est.', 119, 13, '2020-02-27 16:07:00', '2020-02-27 16:07:00'),
(146, 'Dolorem aliquid laboriosam magnam modi. Autem et aut distinctio.', 68, 45, '2020-02-27 16:07:00', '2020-02-27 16:07:00'),
(147, 'Repudiandae et molestiae ducimus. Perferendis aut saepe qui dolores sit sit quis.', 165, 16, '2020-02-27 16:07:00', '2020-02-27 16:07:00'),
(148, 'Facere nisi ab dolores quisquam debitis eveniet. Quo et quas repellendus.', 47, 13, '2020-02-27 16:07:00', '2020-02-27 16:07:00'),
(149, 'Maxime quo debitis et aut.', 37, 49, '2020-02-27 16:07:00', '2020-02-27 16:07:00'),
(150, 'Quam repellendus ex aut et consequatur ex.', 10, 4, '2020-02-27 16:07:00', '2020-02-27 16:07:00'),
(151, 'Praesentium non natus eos.', 6, 22, '2020-02-27 16:07:00', '2020-02-27 16:07:00'),
(152, 'Laborum provident pariatur aut nisi quasi. Magni perspiciatis omnis sunt qui sint voluptatem.', 126, 3, '2020-02-27 16:07:00', '2020-02-27 16:07:00'),
(153, 'Quia iste quisquam velit et enim ut.', 182, 50, '2020-02-27 16:07:00', '2020-02-27 16:07:00'),
(154, 'Vel qui repellat quibusdam aut.', 27, 50, '2020-02-27 16:07:00', '2020-02-27 16:07:00'),
(155, 'Id eveniet mollitia odio cum sit.', 150, 6, '2020-02-27 16:07:00', '2020-02-27 16:07:00'),
(156, 'Ut alias soluta ea doloribus commodi ut exercitationem.', 10, 28, '2020-02-27 16:07:00', '2020-02-27 16:07:00'),
(157, 'Sapiente dolorem ipsam vel vel.', 32, 34, '2020-02-27 16:07:00', '2020-02-27 16:07:00'),
(158, 'Nobis reprehenderit dolores dignissimos vel debitis velit quis sed.', 185, 29, '2020-02-27 16:07:00', '2020-02-27 16:07:00'),
(159, 'Officia ab rerum rerum dolores omnis neque.', 147, 42, '2020-02-27 16:07:00', '2020-02-27 16:07:00'),
(160, 'Voluptatibus ut quasi facilis similique incidunt est.', 90, 46, '2020-02-27 16:07:00', '2020-02-27 16:07:00'),
(161, 'Quaerat vel ut aut quaerat sapiente velit exercitationem. Est est cum id.', 46, 26, '2020-02-27 16:07:00', '2020-02-27 16:07:00'),
(162, 'Cumque quia et optio qui quaerat corrupti.', 125, 7, '2020-02-27 16:07:00', '2020-02-27 16:07:00'),
(163, 'Est autem a aut aut fugit aut. Fugit quia numquam accusamus dolores.', 171, 16, '2020-02-27 16:07:00', '2020-02-27 16:07:00'),
(164, 'Dignissimos repellendus quidem et neque maxime fugiat necessitatibus repellendus. Et quidem rerum commodi voluptatum delectus sit ea.', 182, 9, '2020-02-27 16:07:00', '2020-02-27 16:07:00'),
(165, 'Non ut vitae autem natus et ipsa ex. Consequatur earum totam aut ducimus quasi deserunt reprehenderit.', 169, 12, '2020-02-27 16:07:00', '2020-02-27 16:07:00'),
(166, 'Inventore esse optio laborum ducimus. Ut beatae eos illum sunt et tenetur.', 194, 21, '2020-02-27 16:07:00', '2020-02-27 16:07:00'),
(167, 'Corrupti ad rerum quo nihil nemo delectus sapiente.', 65, 28, '2020-02-27 16:07:00', '2020-02-27 16:07:00'),
(168, 'Aliquam aliquid inventore consequatur et quia omnis eos.', 66, 24, '2020-02-27 16:07:00', '2020-02-27 16:07:00'),
(169, 'Voluptatum eveniet et corporis laudantium sint quis ad. Aut quo maiores ut consequuntur.', 157, 18, '2020-02-27 16:07:01', '2020-02-27 16:07:01'),
(170, 'Quis ab sed provident voluptatem soluta minus. Quia assumenda ipsam est quo modi quia.', 68, 44, '2020-02-27 16:07:01', '2020-02-27 16:07:01'),
(171, 'Non quas voluptatem veritatis aliquid iste explicabo voluptates.', 42, 49, '2020-02-27 16:07:01', '2020-02-27 16:07:01'),
(172, 'Dolores consequuntur voluptatibus quis asperiores molestiae expedita assumenda vel. Dolores natus aut eius consequuntur dolorem atque nemo numquam.', 12, 3, '2020-02-27 16:07:01', '2020-02-27 16:07:01'),
(173, 'Quod quaerat expedita voluptas id consectetur temporibus ut. Molestiae laboriosam praesentium sunt perspiciatis.', 33, 34, '2020-02-27 16:07:01', '2020-02-27 16:07:01'),
(174, 'Et eos aliquam accusantium aut sit expedita. Ipsa ea ut pariatur dolor aut dolores in.', 133, 5, '2020-02-27 16:07:01', '2020-02-27 16:07:01'),
(175, 'Voluptatem ducimus consequatur id qui velit.', 169, 15, '2020-02-27 16:07:01', '2020-02-27 16:07:01'),
(176, 'Quo suscipit voluptas fugit amet velit rem occaecati. Ad voluptas dolor accusamus ratione minus.', 115, 18, '2020-02-27 16:07:01', '2020-02-27 16:07:01'),
(177, 'Dolore sed dolorem molestias nemo enim omnis.', 71, 33, '2020-02-27 16:07:01', '2020-02-27 16:07:01'),
(178, 'Enim aut mollitia deserunt doloribus.', 180, 33, '2020-02-27 16:07:01', '2020-02-27 16:07:01'),
(179, 'Dignissimos alias fuga quisquam eaque quasi eos repellendus.', 171, 9, '2020-02-27 16:07:01', '2020-02-27 16:07:01'),
(180, 'Consequatur delectus minus nostrum illo voluptas.', 158, 7, '2020-02-27 16:07:01', '2020-02-27 16:07:01'),
(181, 'Ut laborum nemo dolor labore quis quam. Laboriosam ut voluptas consequatur est neque enim.', 149, 39, '2020-02-27 16:07:01', '2020-02-27 16:07:01'),
(182, 'Expedita similique dolore totam eligendi.', 59, 8, '2020-02-27 16:07:01', '2020-02-27 16:07:01'),
(183, 'In laudantium quod maxime.', 124, 46, '2020-02-27 16:07:01', '2020-02-27 16:07:01'),
(184, 'Dolor aut impedit quas qui ex neque dolorem quibusdam. Perferendis eius est deserunt optio odit cupiditate.', 139, 47, '2020-02-27 16:07:01', '2020-02-27 16:07:01'),
(185, 'Et quo perferendis dignissimos quaerat sed porro. Placeat sequi ipsa perspiciatis cumque quis corporis omnis.', 192, 43, '2020-02-27 16:07:01', '2020-02-27 16:07:01'),
(186, 'Amet eveniet ipsam quas nulla perspiciatis veritatis maxime voluptatum.', 59, 37, '2020-02-27 16:07:01', '2020-02-27 16:07:01'),
(187, 'Tempora ex iusto officia esse eius neque corporis. Omnis ad iusto ratione facilis mollitia molestias.', 70, 49, '2020-02-27 16:07:01', '2020-02-27 16:07:01'),
(188, 'Consequatur eaque qui dignissimos tempore omnis consequatur distinctio.', 10, 32, '2020-02-27 16:07:01', '2020-02-27 16:07:01'),
(189, 'Veritatis temporibus sint qui. Quod eos debitis aut ad illum.', 185, 29, '2020-02-27 16:07:01', '2020-02-27 16:07:01'),
(190, 'Incidunt praesentium optio dolor veniam occaecati sint. Nemo voluptatem consequatur dolor veniam.', 195, 24, '2020-02-27 16:07:01', '2020-02-27 16:07:01'),
(191, 'Velit et provident nemo nihil deserunt.', 25, 47, '2020-02-27 16:07:01', '2020-02-27 16:07:01'),
(192, 'Praesentium facere perferendis praesentium sit aperiam. Ullam minima illum pariatur veniam.', 147, 46, '2020-02-27 16:07:01', '2020-02-27 16:07:01'),
(193, 'Explicabo rerum cupiditate laborum id enim.', 179, 32, '2020-02-27 16:07:01', '2020-02-27 16:07:01'),
(194, 'Soluta vel et tempora.', 12, 43, '2020-02-27 16:07:01', '2020-02-27 16:07:01'),
(195, 'Quos enim vitae quod iure quo.', 46, 26, '2020-02-27 16:07:01', '2020-02-27 16:07:01'),
(196, 'Sunt eaque ut possimus aliquid assumenda. Dolore eos quod sed sed.', 56, 34, '2020-02-27 16:07:02', '2020-02-27 16:07:02'),
(197, 'Dicta et autem accusantium architecto nobis.', 140, 27, '2020-02-27 16:07:02', '2020-02-27 16:07:02'),
(198, 'Id impedit fugit vero fugiat laborum ratione voluptate fugiat. Deleniti alias cupiditate minus iure accusantium magni laborum.', 129, 25, '2020-02-27 16:07:02', '2020-02-27 16:07:02'),
(199, 'Non aliquam quia optio accusamus omnis. Libero rerum dolorem ipsam architecto aut repellendus.', 93, 18, '2020-02-27 16:07:02', '2020-02-27 16:07:02'),
(200, 'Id tempore aspernatur sit labore perspiciatis et non.', 27, 30, '2020-02-27 16:07:02', '2020-02-27 16:07:02'),
(201, 'Maiores illum ratione sequi. Maiores quisquam soluta et adipisci eos iste illo.', 139, 10, '2020-02-27 16:07:02', '2020-02-27 16:07:02'),
(202, 'Ut esse autem dignissimos rerum in cum.', 15, 17, '2020-02-27 16:07:02', '2020-02-27 16:07:02'),
(203, 'Temporibus quis illo quia debitis nostrum voluptas. Molestiae ut ullam maxime dignissimos sequi eum harum.', 197, 5, '2020-02-27 16:07:02', '2020-02-27 16:07:02'),
(204, 'Sit dolores velit consequatur voluptatem. Enim ea aut assumenda explicabo reiciendis.', 168, 48, '2020-02-27 16:07:02', '2020-02-27 16:07:02'),
(205, 'Aperiam vitae et non est voluptatem magni saepe. Excepturi alias ut veniam.', 42, 20, '2020-02-27 16:07:02', '2020-02-27 16:07:02'),
(206, 'Voluptas odio unde quod et.', 117, 27, '2020-02-27 16:07:02', '2020-02-27 16:07:02'),
(207, 'Excepturi dicta quasi non delectus.', 67, 45, '2020-02-27 16:07:02', '2020-02-27 16:07:02'),
(208, 'Omnis et aut aut blanditiis dicta. Vero doloremque earum possimus dignissimos.', 182, 13, '2020-02-27 16:07:02', '2020-02-27 16:07:02'),
(209, 'Rem nesciunt numquam nisi magni itaque. Ut tempora maiores id quae minus dolorem.', 62, 45, '2020-02-27 16:07:02', '2020-02-27 16:07:02'),
(210, 'Quia soluta fugit ut voluptatem dolores a.', 6, 43, '2020-02-27 16:07:02', '2020-02-27 16:07:02'),
(211, 'Provident ut in esse voluptatem cum sit quas. Aliquid reiciendis quo quia et minima.', 22, 2, '2020-02-27 16:07:02', '2020-02-27 16:07:02'),
(212, 'Quod tenetur sint veniam qui alias ex.', 147, 28, '2020-02-27 16:07:02', '2020-02-27 16:07:02'),
(213, 'Debitis at dolor modi non voluptates et ex distinctio.', 187, 31, '2020-02-27 16:07:02', '2020-02-27 16:07:02'),
(214, 'Nam in soluta totam ducimus. Nihil autem et aperiam sed sit aperiam incidunt velit.', 10, 24, '2020-02-27 16:07:02', '2020-02-27 16:07:02'),
(215, 'Veritatis et facilis temporibus et quisquam dolorem. Distinctio delectus vitae expedita accusantium laborum.', 96, 1, '2020-02-27 16:07:02', '2020-02-27 16:07:02'),
(216, 'Dolore libero quibusdam praesentium non pariatur aut tempore. Optio consequatur perspiciatis quis earum.', 26, 27, '2020-02-27 16:07:02', '2020-02-27 16:07:02'),
(217, 'Pariatur facilis molestias dolore sit ad quibusdam quod et. Libero eos at vel nisi quia.', 93, 40, '2020-02-27 16:07:02', '2020-02-27 16:07:02'),
(218, 'Omnis velit magnam enim id est.', 85, 33, '2020-02-27 16:07:02', '2020-02-27 16:07:02'),
(219, 'Rerum et facere aut placeat. Sint dolor qui quibusdam qui nisi sint velit.', 110, 6, '2020-02-27 16:07:02', '2020-02-27 16:07:02'),
(220, 'Officia eum autem possimus exercitationem totam. Quia exercitationem est sit qui explicabo.', 108, 32, '2020-02-27 16:07:02', '2020-02-27 16:07:02'),
(221, 'Dolor provident qui atque officia rem. Ut temporibus qui adipisci autem.', 154, 25, '2020-02-27 16:07:02', '2020-02-27 16:07:02'),
(222, 'Est ea numquam reiciendis voluptatum unde eos.', 167, 27, '2020-02-27 16:07:02', '2020-02-27 16:07:02'),
(223, 'Odio cupiditate assumenda perferendis tempora amet.', 103, 30, '2020-02-27 16:07:03', '2020-02-27 16:07:03'),
(224, 'Adipisci qui natus illum atque laudantium natus. Sapiente sit dolorem in ex nobis odit.', 58, 44, '2020-02-27 16:07:03', '2020-02-27 16:07:03'),
(225, 'Et in vel et doloribus soluta libero nemo.', 55, 50, '2020-02-27 16:07:03', '2020-02-27 16:07:03'),
(226, 'Et qui ullam eligendi earum.', 94, 50, '2020-02-27 16:07:03', '2020-02-27 16:07:03'),
(227, 'Nesciunt voluptas qui vitae omnis.', 73, 7, '2020-02-27 16:07:03', '2020-02-27 16:07:03'),
(228, 'Nulla eius excepturi voluptatibus cumque molestiae.', 35, 20, '2020-02-27 16:07:03', '2020-02-27 16:07:03'),
(229, 'Officia magni ullam dicta occaecati dignissimos aut maiores. Quasi commodi tenetur commodi reprehenderit doloribus qui.', 25, 5, '2020-02-27 16:07:03', '2020-02-27 16:07:03'),
(230, 'Veritatis sequi quisquam nam velit. Id nobis aut architecto accusantium.', 139, 22, '2020-02-27 16:07:03', '2020-02-27 16:07:03'),
(231, 'Optio doloremque voluptatem et similique. Ratione quibusdam nulla aspernatur vel aperiam accusamus.', 182, 48, '2020-02-27 16:07:03', '2020-02-27 16:07:03'),
(232, 'Neque exercitationem illum consequatur. Consequatur ipsam velit odit.', 37, 24, '2020-02-27 16:07:03', '2020-02-27 16:07:03'),
(233, 'Enim et laudantium enim commodi. Molestias quia eveniet quia aut rerum magnam.', 21, 34, '2020-02-27 16:07:03', '2020-02-27 16:07:03'),
(234, 'Dolore aut sit qui et.', 176, 49, '2020-02-27 16:07:03', '2020-02-27 16:07:03'),
(235, 'Eveniet voluptatum quaerat unde nobis ducimus illum dolores.', 178, 31, '2020-02-27 16:07:03', '2020-02-27 16:07:03'),
(236, 'Fugiat et maxime et est. Ut quia dolorem nihil asperiores.', 163, 21, '2020-02-27 16:07:03', '2020-02-27 16:07:03'),
(237, 'Qui officiis adipisci consequuntur voluptatem. Iusto magnam qui provident laudantium sed dignissimos unde.', 169, 28, '2020-02-27 16:07:03', '2020-02-27 16:07:03'),
(238, 'Maiores et aut et excepturi totam repudiandae.', 151, 33, '2020-02-27 16:07:03', '2020-02-27 16:07:03'),
(239, 'Dicta eos nihil earum optio temporibus id aut sunt.', 90, 14, '2020-02-27 16:07:03', '2020-02-27 16:07:03'),
(240, 'Est nihil ea sunt nesciunt.', 36, 2, '2020-02-27 16:07:03', '2020-02-27 16:07:03'),
(241, 'Quo deleniti illo consectetur non dolores perspiciatis.', 122, 32, '2020-02-27 16:07:03', '2020-02-27 16:07:03'),
(242, 'Sunt sed tempora repudiandae voluptas et labore asperiores. Animi omnis ut minima illum.', 140, 32, '2020-02-27 16:07:03', '2020-02-27 16:07:03'),
(243, 'In omnis cum optio. Est occaecati facilis dolorem dignissimos est saepe.', 190, 44, '2020-02-27 16:07:03', '2020-02-27 16:07:03'),
(244, 'Sunt sed sunt sed dolorem. Consequatur architecto tempore qui et.', 101, 29, '2020-02-27 16:07:03', '2020-02-27 16:07:03'),
(245, 'Consequatur molestiae voluptatem accusamus nemo velit est. Earum porro assumenda molestiae sit aut magnam.', 90, 22, '2020-02-27 16:07:03', '2020-02-27 16:07:03'),
(246, 'Similique qui nulla optio. Sed veritatis voluptas sint a enim.', 64, 28, '2020-02-27 16:07:03', '2020-02-27 16:07:03'),
(247, 'Sequi eaque voluptatibus totam et et odit.', 35, 35, '2020-02-27 16:07:03', '2020-02-27 16:07:03'),
(248, 'Ipsa ad facilis ad et quisquam ea.', 195, 44, '2020-02-27 16:07:03', '2020-02-27 16:07:03'),
(249, 'Soluta velit libero sint minima.', 17, 2, '2020-02-27 16:07:03', '2020-02-27 16:07:03'),
(250, 'Enim ea neque et reprehenderit.', 55, 19, '2020-02-27 16:07:04', '2020-02-27 16:07:04'),
(251, 'Velit eum voluptas rerum ullam aliquid.', 67, 22, '2020-02-27 16:07:04', '2020-02-27 16:07:04'),
(252, 'Corporis culpa nemo eveniet quibusdam iure hic beatae. Unde perspiciatis sapiente ipsa.', 37, 24, '2020-02-27 16:07:04', '2020-02-27 16:07:04'),
(253, 'Ex eveniet corrupti est distinctio fuga tempore rerum ut.', 51, 4, '2020-02-27 16:07:04', '2020-02-27 16:07:04'),
(254, 'Voluptatum soluta accusamus fugiat voluptatem occaecati maiores corporis. Numquam sunt maiores repellat accusantium cumque eveniet.', 163, 24, '2020-02-27 16:07:04', '2020-02-27 16:07:04'),
(255, 'Sed ea voluptatem ut perferendis. Sed ipsa asperiores praesentium inventore beatae similique velit.', 130, 34, '2020-02-27 16:07:04', '2020-02-27 16:07:04'),
(256, 'Velit voluptate ullam odio et expedita qui. Exercitationem corporis facilis et odit ipsum saepe.', 36, 2, '2020-02-27 16:07:04', '2020-02-27 16:07:04'),
(257, 'Voluptates voluptatem est et deleniti ipsa aspernatur officia. Harum id et nisi aspernatur culpa nobis quo.', 188, 21, '2020-02-27 16:07:04', '2020-02-27 16:07:04'),
(258, 'Omnis distinctio officiis voluptatum. Nesciunt quibusdam dicta incidunt quisquam.', 120, 25, '2020-02-27 16:07:04', '2020-02-27 16:07:04'),
(259, 'Et necessitatibus nihil quod veniam.', 200, 7, '2020-02-27 16:07:04', '2020-02-27 16:07:04'),
(260, 'Sit ratione fugit consequatur at esse voluptates et dolore.', 121, 24, '2020-02-27 16:07:04', '2020-02-27 16:07:04'),
(261, 'Excepturi sapiente adipisci sint enim sit minus numquam. Sit quidem tempora optio deleniti et qui.', 32, 34, '2020-02-27 16:07:04', '2020-02-27 16:07:04'),
(262, 'Ratione ut dignissimos non officia molestiae ipsum quo.', 199, 7, '2020-02-27 16:07:04', '2020-02-27 16:07:04'),
(263, 'Provident ducimus sunt tenetur corrupti at est.', 187, 50, '2020-02-27 16:07:04', '2020-02-27 16:07:04'),
(264, 'Sint corrupti quae dolorum cum sed.', 161, 29, '2020-02-27 16:07:04', '2020-02-27 16:07:04'),
(265, 'Dolor ut est quis sunt ab quasi in.', 45, 20, '2020-02-27 16:07:04', '2020-02-27 16:07:04'),
(266, 'Ducimus consequatur ipsum hic eveniet quisquam culpa sit. Ut animi magnam consequuntur non.', 138, 11, '2020-02-27 16:07:04', '2020-02-27 16:07:04'),
(267, 'Corporis qui atque minima omnis.', 9, 21, '2020-02-27 16:07:04', '2020-02-27 16:07:04'),
(268, 'Mollitia quo minus quaerat laudantium iusto vel necessitatibus. Dolore alias debitis voluptates aperiam omnis ducimus enim.', 181, 22, '2020-02-27 16:07:04', '2020-02-27 16:07:04'),
(269, 'Quis tempore optio maiores eos facere nesciunt voluptatem.', 162, 19, '2020-02-27 16:07:04', '2020-02-27 16:07:04'),
(270, 'Voluptatem enim amet quae ut consectetur voluptates aspernatur vero.', 90, 12, '2020-02-27 16:07:04', '2020-02-27 16:07:04'),
(271, 'Et unde voluptatem consequatur et. Id libero accusantium quasi aut consequatur atque est.', 134, 50, '2020-02-27 16:07:04', '2020-02-27 16:07:04'),
(272, 'Molestiae molestias omnis facere qui est et.', 106, 44, '2020-02-27 16:07:04', '2020-02-27 16:07:04'),
(273, 'Sint eveniet doloribus est quas. Fuga quas consequatur molestiae autem accusantium.', 131, 46, '2020-02-27 16:07:04', '2020-02-27 16:07:04'),
(274, 'Modi voluptatibus magnam fuga explicabo eligendi.', 63, 49, '2020-02-27 16:07:04', '2020-02-27 16:07:04'),
(275, 'Atque perspiciatis libero id natus minima enim saepe voluptatibus.', 55, 19, '2020-02-27 16:07:04', '2020-02-27 16:07:04'),
(276, 'Et in dicta ea consequatur culpa atque.', 21, 7, '2020-02-27 16:07:04', '2020-02-27 16:07:04'),
(277, 'Laboriosam dicta nihil minima consectetur fugit officiis et dolor. Ab est adipisci iste minima porro velit.', 87, 49, '2020-02-27 16:07:05', '2020-02-27 16:07:05'),
(278, 'Qui et ex et totam expedita nihil voluptatem.', 168, 3, '2020-02-27 16:07:05', '2020-02-27 16:07:05'),
(279, 'Omnis nisi ipsam voluptates quia recusandae quas.', 16, 6, '2020-02-27 16:07:05', '2020-02-27 16:07:05'),
(280, 'Ut est excepturi quo suscipit placeat ipsa. Sint provident praesentium quam vero est sint.', 81, 10, '2020-02-27 16:07:05', '2020-02-27 16:07:05'),
(281, 'Odio ducimus rerum rem quo aperiam iusto facilis dicta.', 158, 14, '2020-02-27 16:07:05', '2020-02-27 16:07:05'),
(282, 'Qui est ex est suscipit ad eum ut. Enim quisquam rerum culpa.', 39, 22, '2020-02-27 16:07:05', '2020-02-27 16:07:05'),
(283, 'Odit omnis assumenda veritatis similique aut.', 10, 18, '2020-02-27 16:07:05', '2020-02-27 16:07:05'),
(284, 'Qui qui et itaque iste dolorem autem. Magni itaque autem in est.', 146, 43, '2020-02-27 16:07:05', '2020-02-27 16:07:05'),
(285, 'Aliquid nisi est rerum et neque.', 122, 3, '2020-02-27 16:07:05', '2020-02-27 16:07:05'),
(286, 'Et iure exercitationem facilis accusantium distinctio laudantium laborum.', 37, 9, '2020-02-27 16:07:05', '2020-02-27 16:07:05'),
(287, 'Eligendi vel est fuga sunt adipisci ut.', 133, 29, '2020-02-27 16:07:05', '2020-02-27 16:07:05'),
(288, 'Voluptate repellat est deserunt sed earum eum quia ratione.', 161, 5, '2020-02-27 16:07:05', '2020-02-27 16:07:05'),
(289, 'Odio culpa voluptate laboriosam adipisci.', 109, 12, '2020-02-27 16:07:05', '2020-02-27 16:07:05'),
(290, 'Corporis dicta voluptatem dolores eum sit.', 137, 16, '2020-02-27 16:07:05', '2020-02-27 16:07:05'),
(291, 'Fuga nihil voluptatibus ea eos repudiandae.', 43, 47, '2020-02-27 16:07:05', '2020-02-27 16:07:05'),
(292, 'Rem ut velit commodi deleniti neque ad voluptatum. Cum voluptatem quasi doloribus et dolores possimus officia.', 39, 29, '2020-02-27 16:07:05', '2020-02-27 16:07:05'),
(293, 'Sit nostrum deserunt nihil exercitationem.', 109, 21, '2020-02-27 16:07:05', '2020-02-27 16:07:05'),
(294, 'Similique inventore est quis ea magni.', 123, 45, '2020-02-27 16:07:05', '2020-02-27 16:07:05'),
(295, 'Dignissimos est minus nesciunt at.', 138, 34, '2020-02-27 16:07:05', '2020-02-27 16:07:05'),
(296, 'Iusto veritatis dolorum vel quibusdam vero culpa.', 147, 2, '2020-02-27 16:07:05', '2020-02-27 16:07:05'),
(297, 'Tempora sint quos rem velit consequatur similique.', 180, 47, '2020-02-27 16:07:05', '2020-02-27 16:07:05'),
(298, 'Sit repellat ea similique vel.', 168, 2, '2020-02-27 16:07:05', '2020-02-27 16:07:05'),
(299, 'Itaque ut laboriosam rerum omnis.', 43, 19, '2020-02-27 16:07:05', '2020-02-27 16:07:05'),
(300, 'Ut modi quisquam quia tenetur cumque dolores illum. Earum modi est veniam qui.', 26, 5, '2020-02-27 16:07:05', '2020-02-27 16:07:05'),
(301, 'Veniam ut consequatur voluptatem quidem.', 172, 6, '2020-02-27 16:07:05', '2020-02-27 16:07:05'),
(302, 'Labore sunt recusandae voluptatem facere eveniet quo blanditiis. Non dolorem tenetur et quod possimus incidunt dolores voluptates.', 64, 37, '2020-02-27 16:07:06', '2020-02-27 16:07:06'),
(303, 'Harum non sit commodi similique exercitationem voluptas. Qui soluta ut adipisci magnam omnis sapiente est.', 56, 8, '2020-02-27 16:07:06', '2020-02-27 16:07:06'),
(304, 'Odio sit eveniet distinctio aut corrupti. Velit ad voluptatem voluptas adipisci adipisci est.', 60, 49, '2020-02-27 16:07:06', '2020-02-27 16:07:06'),
(305, 'Consequatur a earum architecto. Enim ut sapiente perspiciatis eos laudantium hic.', 131, 40, '2020-02-27 16:07:06', '2020-02-27 16:07:06'),
(306, 'Iure sed molestiae molestiae.', 145, 15, '2020-02-27 16:07:06', '2020-02-27 16:07:06'),
(307, 'Voluptatibus ratione quae fugiat id accusantium sapiente. Ad architecto ad dignissimos ex deserunt odit et natus.', 175, 9, '2020-02-27 16:07:06', '2020-02-27 16:07:06'),
(308, 'Illum libero architecto inventore ut.', 27, 10, '2020-02-27 16:07:06', '2020-02-27 16:07:06'),
(309, 'Deserunt molestiae voluptatibus ut. Assumenda culpa optio architecto temporibus.', 162, 38, '2020-02-27 16:07:06', '2020-02-27 16:07:06'),
(310, 'Delectus quibusdam consectetur id tempore quod rerum quia veritatis. Necessitatibus ut error suscipit non repudiandae.', 56, 16, '2020-02-27 16:07:06', '2020-02-27 16:07:06'),
(311, 'Accusamus consequuntur nostrum at consequatur. Voluptatem omnis aut accusantium quis rerum molestiae doloremque.', 128, 17, '2020-02-27 16:07:06', '2020-02-27 16:07:06'),
(312, 'Dolores quod magni esse nobis sint eos explicabo.', 132, 38, '2020-02-27 16:07:06', '2020-02-27 16:07:06'),
(313, 'Quae quaerat quasi voluptatem et aliquid aperiam consequatur. Officia et est eos aut.', 147, 6, '2020-02-27 16:07:06', '2020-02-27 16:07:06'),
(314, 'Atque non adipisci sint mollitia incidunt id nam. Pariatur cum fugit minima.', 172, 32, '2020-02-27 16:07:06', '2020-02-27 16:07:06'),
(315, 'Ad labore omnis sunt maxime mollitia.', 106, 8, '2020-02-27 16:07:06', '2020-02-27 16:07:06'),
(316, 'Nobis voluptatem laudantium quibusdam repudiandae et. Explicabo minus optio eos qui blanditiis.', 123, 2, '2020-02-27 16:07:06', '2020-02-27 16:07:06'),
(317, 'Necessitatibus voluptatum fuga et occaecati aliquid ratione illo nulla. Culpa illo perspiciatis facilis esse dignissimos ducimus.', 39, 36, '2020-02-27 16:07:06', '2020-02-27 16:07:06'),
(318, 'Unde veniam qui rerum eos omnis aspernatur est. Quibusdam recusandae animi aut eum vitae rerum voluptatem.', 91, 21, '2020-02-27 16:07:06', '2020-02-27 16:07:06'),
(319, 'Culpa illum et iure aut dolor.', 41, 34, '2020-02-27 16:07:06', '2020-02-27 16:07:06'),
(320, 'Aut quibusdam voluptatum cumque dignissimos voluptas. Facere eligendi dolores repellat in blanditiis accusamus.', 181, 6, '2020-02-27 16:07:06', '2020-02-27 16:07:06'),
(321, 'Aspernatur fugiat nihil deserunt quis excepturi cum. Odio nulla enim in voluptate voluptas illum.', 35, 41, '2020-02-27 16:07:06', '2020-02-27 16:07:06'),
(322, 'Rem in suscipit laborum voluptatem dicta inventore laboriosam dolore.', 165, 50, '2020-02-27 16:07:06', '2020-02-27 16:07:06'),
(323, 'Debitis velit qui perspiciatis omnis esse sed. Nobis eum dolorem et mollitia.', 25, 22, '2020-02-27 16:07:06', '2020-02-27 16:07:06'),
(324, 'Blanditiis corporis nisi aperiam maiores iusto sit quibusdam.', 166, 43, '2020-02-27 16:07:06', '2020-02-27 16:07:06'),
(325, 'Atque quasi maxime et cupiditate sed illo sit. Maiores consequuntur et rerum sunt consequatur fugiat qui.', 107, 45, '2020-02-27 16:07:06', '2020-02-27 16:07:06'),
(326, 'Nihil consequatur qui asperiores. Aut corrupti unde eius officia ut delectus.', 30, 37, '2020-02-27 16:07:06', '2020-02-27 16:07:06'),
(327, 'Explicabo et laborum distinctio aliquid esse natus velit a.', 14, 10, '2020-02-27 16:07:06', '2020-02-27 16:07:06'),
(328, 'Atque aperiam eligendi aperiam sapiente beatae recusandae. Suscipit quia officiis qui reiciendis eum suscipit et explicabo.', 26, 8, '2020-02-27 16:07:07', '2020-02-27 16:07:07'),
(329, 'Earum asperiores ut enim distinctio. Voluptas architecto magnam corrupti.', 32, 50, '2020-02-27 16:07:07', '2020-02-27 16:07:07'),
(330, 'Mollitia fugiat iste rerum vel a esse. Eaque dolor officiis nobis quas ut voluptatibus nulla.', 138, 38, '2020-02-27 16:07:07', '2020-02-27 16:07:07'),
(331, 'Quis amet veniam nostrum eum aperiam.', 130, 29, '2020-02-27 16:07:07', '2020-02-27 16:07:07'),
(332, 'Voluptas pariatur in magnam illum. Et reiciendis fuga distinctio.', 134, 9, '2020-02-27 16:07:07', '2020-02-27 16:07:07'),
(333, 'Odit sunt est quidem quam ducimus odio quia.', 49, 15, '2020-02-27 16:07:07', '2020-02-27 16:07:07'),
(334, 'Excepturi illo voluptatum possimus sit quas. Molestias omnis laudantium omnis est.', 70, 5, '2020-02-27 16:07:07', '2020-02-27 16:07:07'),
(335, 'Enim sunt magni omnis ducimus. Sint cumque corrupti possimus veritatis sapiente est qui.', 69, 30, '2020-02-27 16:07:07', '2020-02-27 16:07:07'),
(336, 'Id quasi voluptate quia quis.', 42, 50, '2020-02-27 16:07:07', '2020-02-27 16:07:07'),
(337, 'Similique numquam nam deserunt sed explicabo. Provident id cumque in ut ex dolor atque.', 115, 27, '2020-02-27 16:07:07', '2020-02-27 16:07:07'),
(338, 'Velit officiis minima est perferendis totam debitis vero qui. Quae occaecati dolorum et consequatur.', 46, 34, '2020-02-27 16:07:07', '2020-02-27 16:07:07'),
(339, 'Ullam eos velit blanditiis nostrum beatae. Exercitationem eius aspernatur ipsam ut modi deserunt.', 178, 46, '2020-02-27 16:07:07', '2020-02-27 16:07:07'),
(340, 'Fugiat eum tenetur cupiditate quam nobis debitis possimus. Eligendi aliquam quo assumenda voluptatem.', 37, 7, '2020-02-27 16:07:07', '2020-02-27 16:07:07'),
(341, 'Sint omnis totam quisquam nihil occaecati consectetur. Voluptas blanditiis rerum harum.', 69, 23, '2020-02-27 16:07:07', '2020-02-27 16:07:07'),
(342, 'Corporis nostrum accusantium quia. Sed nemo nisi vitae nulla.', 142, 20, '2020-02-27 16:07:07', '2020-02-27 16:07:07'),
(343, 'Voluptas sit suscipit praesentium ullam. Aut et doloribus tenetur et officiis ratione blanditiis quam.', 49, 10, '2020-02-27 16:07:07', '2020-02-27 16:07:07'),
(344, 'Adipisci ut aut nostrum quaerat dolor optio. Omnis doloremque reprehenderit doloremque.', 113, 29, '2020-02-27 16:07:07', '2020-02-27 16:07:07'),
(345, 'Rem repudiandae eius autem officia ut. Minima voluptas deserunt ut quos eius amet ut.', 45, 22, '2020-02-27 16:07:07', '2020-02-27 16:07:07'),
(346, 'Voluptatem velit cupiditate est facilis animi perferendis excepturi illo. Dolor et quo consequatur sit id non magnam.', 98, 20, '2020-02-27 16:07:07', '2020-02-27 16:07:07'),
(347, 'Excepturi qui officiis cum earum atque quo quibusdam.', 58, 27, '2020-02-27 16:07:07', '2020-02-27 16:07:07'),
(348, 'Et necessitatibus incidunt dolor expedita tempore non dignissimos rem.', 99, 11, '2020-02-27 16:07:07', '2020-02-27 16:07:07'),
(349, 'Perferendis et numquam maiores eius harum.', 33, 16, '2020-02-27 16:07:07', '2020-02-27 16:07:07'),
(350, 'Commodi eius dolorem ad dolor ut praesentium quisquam.', 85, 40, '2020-02-27 16:07:07', '2020-02-27 16:07:07'),
(351, 'Rem modi fugit quae et tenetur. Sed placeat quis enim eius quod odio.', 106, 29, '2020-02-27 16:07:07', '2020-02-27 16:07:07'),
(352, 'Necessitatibus voluptatibus voluptas quis ut molestiae. Perspiciatis porro nihil quasi unde deserunt sed nam.', 4, 2, '2020-02-27 16:07:07', '2020-02-27 16:07:07'),
(353, 'Et rerum qui ipsum blanditiis quaerat qui. Consequatur pariatur voluptatem est praesentium sed qui amet.', 109, 30, '2020-02-27 16:07:07', '2020-02-27 16:07:07'),
(354, 'Neque cum voluptate exercitationem fugit nam ea. Possimus asperiores accusamus ut blanditiis eveniet accusantium est repellendus.', 64, 12, '2020-02-27 16:07:07', '2020-02-27 16:07:07'),
(355, 'Eos vitae nobis aperiam. Asperiores minima mollitia et accusantium in.', 92, 17, '2020-02-27 16:07:08', '2020-02-27 16:07:08'),
(356, 'Nulla nihil aut possimus architecto repudiandae.', 85, 28, '2020-02-27 16:07:08', '2020-02-27 16:07:08'),
(357, 'Atque quia et sed facilis. Ut alias ad sunt iure.', 120, 4, '2020-02-27 16:07:08', '2020-02-27 16:07:08'),
(358, 'Sapiente nobis sit doloribus est aut harum et. Vel non quas consectetur nesciunt temporibus laboriosam.', 92, 30, '2020-02-27 16:07:08', '2020-02-27 16:07:08'),
(359, 'Placeat dolorem molestiae necessitatibus. Est accusamus magni nobis quia blanditiis.', 160, 21, '2020-02-27 16:07:08', '2020-02-27 16:07:08'),
(360, 'Nobis hic et eius cumque provident modi inventore.', 51, 7, '2020-02-27 16:07:08', '2020-02-27 16:07:08'),
(361, 'In iure similique expedita sed. Et enim est qui repellat occaecati qui animi.', 185, 39, '2020-02-27 16:07:08', '2020-02-27 16:07:08'),
(362, 'Voluptas impedit sapiente ipsa voluptas commodi.', 161, 45, '2020-02-27 16:07:08', '2020-02-27 16:07:08'),
(363, 'Eveniet molestias aut ut provident delectus.', 87, 1, '2020-02-27 16:07:08', '2020-02-27 16:07:08'),
(364, 'Quis libero necessitatibus eveniet ut mollitia est.', 31, 37, '2020-02-27 16:07:08', '2020-02-27 16:07:08'),
(365, 'Qui ut rerum error perferendis. Veniam et consequatur odit quae autem odio.', 99, 35, '2020-02-27 16:07:08', '2020-02-27 16:07:08'),
(366, 'Omnis voluptatem ad sapiente saepe id excepturi aut. Eum voluptatibus consequatur tenetur enim fuga non.', 132, 1, '2020-02-27 16:07:08', '2020-02-27 16:07:08'),
(367, 'Iure in iusto cupiditate dolor sunt in est.', 40, 40, '2020-02-27 16:07:08', '2020-02-27 16:07:08'),
(368, 'Sit veniam ea hic expedita et sunt.', 105, 19, '2020-02-27 16:07:08', '2020-02-27 16:07:08'),
(369, 'Voluptas aut atque nam accusantium earum id. Voluptates mollitia excepturi vel.', 88, 47, '2020-02-27 16:07:08', '2020-02-27 16:07:08'),
(370, 'Et qui fugit iure praesentium ut aperiam quasi.', 53, 45, '2020-02-27 16:07:08', '2020-02-27 16:07:08'),
(371, 'Dolor sed qui dolores ducimus et alias sit. Et et labore omnis minus voluptas.', 148, 18, '2020-02-27 16:07:08', '2020-02-27 16:07:08'),
(372, 'Dolores ut quis quo ipsam animi et odit.', 62, 31, '2020-02-27 16:07:08', '2020-02-27 16:07:08'),
(373, 'Qui officiis in perferendis quaerat accusamus praesentium.', 154, 36, '2020-02-27 16:07:08', '2020-02-27 16:07:08'),
(374, 'Omnis consequatur ab magnam ab quos. Nulla est consequuntur veniam ab tempora facilis.', 148, 39, '2020-02-27 16:07:08', '2020-02-27 16:07:08'),
(375, 'Ea est dicta non nisi doloremque nihil sit sed.', 140, 27, '2020-02-27 16:07:08', '2020-02-27 16:07:08'),
(376, 'Illo inventore possimus ut officiis doloribus vero id et. Repudiandae neque eius voluptatem assumenda cum eos et.', 5, 39, '2020-02-27 16:07:08', '2020-02-27 16:07:08'),
(377, 'Modi ut cumque at nihil sunt eveniet quo eaque.', 91, 18, '2020-02-27 16:07:08', '2020-02-27 16:07:08'),
(378, 'Quis fugit aspernatur magnam. Quia repellendus placeat dolorem labore harum et.', 169, 4, '2020-02-27 16:07:08', '2020-02-27 16:07:08'),
(379, 'Doloribus veniam nisi tempora. Provident necessitatibus voluptatem et ipsam enim iusto.', 54, 22, '2020-02-27 16:07:08', '2020-02-27 16:07:08');
INSERT INTO `comments` (`id`, `comment`, `post_id`, `user_id`, `created_at`, `updated_at`) VALUES
(380, 'Vel tempora cum molestiae cupiditate quia velit quo. Atque totam vel quaerat architecto iure fugit non amet.', 194, 9, '2020-02-27 16:07:08', '2020-02-27 16:07:08'),
(381, 'Repellat quos dolor illo omnis. Cumque velit doloremque quo aut sunt qui.', 63, 9, '2020-02-27 16:07:08', '2020-02-27 16:07:08'),
(382, 'Quo quia ut est ut saepe. Tempora nesciunt in ut dolores.', 14, 26, '2020-02-27 16:07:09', '2020-02-27 16:07:09'),
(383, 'Incidunt doloribus hic voluptates incidunt et debitis animi explicabo. Aperiam hic quia minima et.', 16, 9, '2020-02-27 16:07:09', '2020-02-27 16:07:09'),
(384, 'Ut aliquid sit sapiente molestiae dolorum iste.', 194, 34, '2020-02-27 16:07:09', '2020-02-27 16:07:09'),
(385, 'Rerum enim ipsum velit pariatur. Nemo ratione consequatur tempora delectus amet consequatur nesciunt.', 98, 13, '2020-02-27 16:07:09', '2020-02-27 16:07:09'),
(386, 'Aut autem qui veniam veniam. Dolor et aut nihil quia expedita quia quidem mollitia.', 84, 19, '2020-02-27 16:07:09', '2020-02-27 16:07:09'),
(387, 'Tempora et rerum iure ratione distinctio.', 175, 29, '2020-02-27 16:07:09', '2020-02-27 16:07:09'),
(388, 'Atque dicta sed est vel odio.', 143, 13, '2020-02-27 16:07:09', '2020-02-27 16:07:09'),
(389, 'Voluptatem in rerum voluptates explicabo eaque qui dolor.', 124, 2, '2020-02-27 16:07:09', '2020-02-27 16:07:09'),
(390, 'Aperiam eos aspernatur voluptate optio et natus autem.', 179, 24, '2020-02-27 16:07:09', '2020-02-27 16:07:09'),
(391, 'Delectus incidunt deleniti officiis quasi ea itaque.', 166, 1, '2020-02-27 16:07:09', '2020-02-27 16:07:09'),
(392, 'Ut inventore excepturi cum qui odit dolore.', 195, 9, '2020-02-27 16:07:09', '2020-02-27 16:07:09'),
(393, 'Ratione assumenda vel soluta. Aut dignissimos aut magnam vero.', 33, 3, '2020-02-27 16:07:09', '2020-02-27 16:07:09'),
(394, 'Ducimus corrupti velit corrupti possimus. Error qui eaque ut.', 17, 38, '2020-02-27 16:07:09', '2020-02-27 16:07:09'),
(395, 'Voluptate odit et officia consectetur temporibus maxime. Qui rem maxime atque quia inventore.', 172, 38, '2020-02-27 16:07:09', '2020-02-27 16:07:09'),
(396, 'Fugiat atque aut cupiditate quam dolor voluptates ipsam. Error repellat qui in iure laborum.', 21, 37, '2020-02-27 16:07:09', '2020-02-27 16:07:09'),
(397, 'Sunt occaecati eos vero reprehenderit id quia.', 58, 42, '2020-02-27 16:07:09', '2020-02-27 16:07:09'),
(398, 'Officia sed cupiditate harum voluptatem eum magnam sit. Enim soluta nemo qui cupiditate qui eaque.', 198, 32, '2020-02-27 16:07:09', '2020-02-27 16:07:09'),
(399, 'Et illo ad voluptatem dignissimos libero. Provident quaerat error odit error laudantium et earum.', 56, 39, '2020-02-27 16:07:09', '2020-02-27 16:07:09'),
(400, 'Odio magnam consequatur ut. Et quia ducimus velit consequuntur maiores et.', 113, 4, '2020-02-27 16:07:09', '2020-02-27 16:07:09'),
(401, 'Excepturi tempore enim cupiditate aut perferendis fugit dolores. Rem architecto aut ducimus id repellat dolorum ea eos.', 75, 19, '2020-02-27 16:07:09', '2020-02-27 16:07:09'),
(402, 'Nulla distinctio ea id eligendi quaerat.', 17, 28, '2020-02-27 16:07:09', '2020-02-27 16:07:09'),
(403, 'Impedit dolorem expedita et fugit consectetur quasi. Ullam minus sapiente mollitia iste.', 116, 37, '2020-02-27 16:07:09', '2020-02-27 16:07:09'),
(404, 'Sunt pariatur libero dolorum eius eveniet.', 94, 2, '2020-02-27 16:07:09', '2020-02-27 16:07:09'),
(405, 'Assumenda aliquid quaerat aut cumque animi dolor.', 126, 13, '2020-02-27 16:07:10', '2020-02-27 16:07:10'),
(406, 'Numquam dignissimos assumenda consequatur est facilis enim est molestiae.', 87, 36, '2020-02-27 16:07:10', '2020-02-27 16:07:10'),
(407, 'Ipsa enim non dolore hic.', 56, 42, '2020-02-27 16:07:10', '2020-02-27 16:07:10'),
(408, 'Sit tempore voluptas sequi cupiditate delectus.', 71, 9, '2020-02-27 16:07:10', '2020-02-27 16:07:10'),
(409, 'Quidem sunt omnis consectetur dolores.', 116, 46, '2020-02-27 16:07:10', '2020-02-27 16:07:10'),
(410, 'Commodi dolores quibusdam laborum earum voluptas magnam eius. Sint corporis sequi aut eligendi blanditiis dolorum officiis.', 156, 34, '2020-02-27 16:07:10', '2020-02-27 16:07:10'),
(411, 'Voluptas maxime quis necessitatibus blanditiis. Sunt similique officiis aperiam explicabo.', 2, 24, '2020-02-27 16:07:10', '2020-02-27 16:07:10'),
(412, 'Reprehenderit sit vitae nostrum ipsam omnis. Rerum qui id ducimus nihil.', 29, 43, '2020-02-27 16:07:10', '2020-02-27 16:07:10'),
(413, 'Dolore minima expedita impedit similique reiciendis sunt est. Esse quo voluptas harum aut.', 160, 15, '2020-02-27 16:07:10', '2020-02-27 16:07:10'),
(414, 'Ea sit dolor quia quod deleniti dolorem.', 159, 26, '2020-02-27 16:07:10', '2020-02-27 16:07:10'),
(415, 'Est alias aspernatur qui libero porro veniam laborum.', 9, 8, '2020-02-27 16:07:10', '2020-02-27 16:07:10'),
(416, 'Blanditiis similique sunt voluptatem.', 102, 13, '2020-02-27 16:07:10', '2020-02-27 16:07:10'),
(417, 'Temporibus voluptate repellendus adipisci impedit. A porro odit quas accusamus explicabo et.', 141, 8, '2020-02-27 16:07:10', '2020-02-27 16:07:10'),
(418, 'Debitis aspernatur dicta possimus doloribus. Quasi omnis sequi consequuntur excepturi consequatur.', 70, 24, '2020-02-27 16:07:10', '2020-02-27 16:07:10'),
(419, 'Est quaerat aut cupiditate corrupti vel vel.', 189, 5, '2020-02-27 16:07:10', '2020-02-27 16:07:10'),
(420, 'Dolores consectetur autem consequatur est unde.', 42, 25, '2020-02-27 16:07:10', '2020-02-27 16:07:10'),
(421, 'Architecto voluptatem est nisi et.', 92, 38, '2020-02-27 16:07:10', '2020-02-27 16:07:10'),
(422, 'Omnis nesciunt cupiditate veniam sint.', 6, 25, '2020-02-27 16:07:10', '2020-02-27 16:07:10'),
(423, 'In beatae dolor earum quo quis vitae ipsa.', 168, 33, '2020-02-27 16:07:10', '2020-02-27 16:07:10'),
(424, 'Explicabo non tempore nihil inventore. Voluptatem magni quia quia dignissimos.', 10, 37, '2020-02-27 16:07:10', '2020-02-27 16:07:10'),
(425, 'Beatae dolorem laboriosam minus sapiente similique aspernatur sunt. Voluptate sapiente rem vero minima id reiciendis officia.', 190, 37, '2020-02-27 16:07:10', '2020-02-27 16:07:10'),
(426, 'Hic quod ut inventore nihil. Eos tempora fuga voluptate tenetur quia et.', 163, 44, '2020-02-27 16:07:10', '2020-02-27 16:07:10'),
(427, 'Illum dolor odio necessitatibus unde ipsum tenetur minus. Error tenetur a ut asperiores magnam nostrum et voluptatem.', 146, 34, '2020-02-27 16:07:10', '2020-02-27 16:07:10'),
(428, 'Perferendis enim libero ut perspiciatis ipsa.', 49, 50, '2020-02-27 16:07:10', '2020-02-27 16:07:10'),
(429, 'Ut ut facere qui quia. Suscipit aut odio animi eveniet possimus quidem sunt.', 91, 38, '2020-02-27 16:07:10', '2020-02-27 16:07:10'),
(430, 'Animi culpa ad aspernatur officiis est eum quaerat.', 68, 7, '2020-02-27 16:07:10', '2020-02-27 16:07:10'),
(431, 'Explicabo quis harum harum molestiae placeat quae dolore. Qui ab accusamus itaque quod deleniti.', 7, 1, '2020-02-27 16:07:10', '2020-02-27 16:07:10'),
(432, 'Voluptas consequatur sunt voluptatibus. Ex sunt libero dolores quas.', 168, 33, '2020-02-27 16:07:11', '2020-02-27 16:07:11'),
(433, 'Commodi saepe quas possimus repudiandae eius est est doloribus.', 141, 45, '2020-02-27 16:07:11', '2020-02-27 16:07:11'),
(434, 'Perferendis est unde sed cupiditate laborum ut rem. Rem eos asperiores voluptas consectetur aut sit.', 54, 15, '2020-02-27 16:07:11', '2020-02-27 16:07:11'),
(435, 'Doloremque voluptates et dolorem. Occaecati magnam corporis et rerum.', 115, 47, '2020-02-27 16:07:11', '2020-02-27 16:07:11'),
(436, 'Vel omnis tempora ipsam quia totam esse.', 182, 49, '2020-02-27 16:07:11', '2020-02-27 16:07:11'),
(437, 'Quos dolorum aut dolorem voluptatem incidunt corporis nisi.', 145, 27, '2020-02-27 16:07:11', '2020-02-27 16:07:11'),
(438, 'Dicta at sapiente quibusdam aut molestias eos. Accusamus assumenda cupiditate ab nemo eum voluptatum animi non.', 134, 38, '2020-02-27 16:07:11', '2020-02-27 16:07:11'),
(439, 'Repellat tempora non cumque aliquam velit.', 154, 45, '2020-02-27 16:07:11', '2020-02-27 16:07:11'),
(440, 'Amet alias minima consequatur eos.', 131, 28, '2020-02-27 16:07:11', '2020-02-27 16:07:11'),
(441, 'Est et ipsum architecto sit blanditiis.', 183, 39, '2020-02-27 16:07:11', '2020-02-27 16:07:11'),
(442, 'Sed velit expedita aspernatur dolorem non.', 24, 4, '2020-02-27 16:07:11', '2020-02-27 16:07:11'),
(443, 'Velit ut accusantium atque expedita quis sit voluptatem. Facilis numquam sit rerum ut eligendi.', 10, 48, '2020-02-27 16:07:11', '2020-02-27 16:07:11'),
(444, 'Eaque beatae laborum accusantium laboriosam earum fuga.', 55, 26, '2020-02-27 16:07:11', '2020-02-27 16:07:11'),
(445, 'Aut maiores porro labore.', 92, 48, '2020-02-27 16:07:11', '2020-02-27 16:07:11'),
(446, 'Non praesentium consequatur ut sed.', 179, 28, '2020-02-27 16:07:11', '2020-02-27 16:07:11'),
(447, 'Repudiandae rerum quisquam sapiente quis. Exercitationem reiciendis sequi dolorum impedit id.', 172, 7, '2020-02-27 16:07:11', '2020-02-27 16:07:11'),
(448, 'Voluptatem autem sed voluptas fugiat.', 163, 26, '2020-02-27 16:07:11', '2020-02-27 16:07:11'),
(449, 'Delectus enim fugiat illum veritatis ex ut.', 120, 23, '2020-02-27 16:07:11', '2020-02-27 16:07:11'),
(450, 'Et sed nemo ut maxime voluptatem asperiores.', 31, 44, '2020-02-27 16:07:11', '2020-02-27 16:07:11'),
(451, 'Molestias ut eveniet sint accusantium. Qui voluptates consequatur sapiente.', 156, 32, '2020-02-27 16:07:11', '2020-02-27 16:07:11'),
(452, 'Nobis amet pariatur et laborum est veniam officia.', 193, 18, '2020-02-27 16:07:11', '2020-02-27 16:07:11'),
(453, 'Similique perspiciatis quod tenetur voluptatem sed enim non. Aut consequatur qui aut soluta nulla saepe.', 34, 6, '2020-02-27 16:07:11', '2020-02-27 16:07:11'),
(454, 'Officiis expedita ut sequi at ipsa. Ut dolores voluptatibus maxime officiis enim.', 37, 49, '2020-02-27 16:07:11', '2020-02-27 16:07:11'),
(455, 'Voluptas fuga laboriosam quia amet doloribus voluptas dicta. Facere delectus aliquid facilis commodi laborum dolorem ut.', 166, 28, '2020-02-27 16:07:11', '2020-02-27 16:07:11'),
(456, 'Doloribus et quo ducimus. Quidem sed minus blanditiis placeat magni blanditiis.', 56, 8, '2020-02-27 16:07:11', '2020-02-27 16:07:11'),
(457, 'Facilis voluptates dolor eius.', 194, 46, '2020-02-27 16:07:11', '2020-02-27 16:07:11'),
(458, 'Sunt in vel alias dolorum qui. Ullam cupiditate explicabo doloremque ex explicabo magnam.', 59, 23, '2020-02-27 16:07:11', '2020-02-27 16:07:11'),
(459, 'Sit est saepe ullam fugiat. Itaque sed dolorem occaecati.', 40, 19, '2020-02-27 16:07:12', '2020-02-27 16:07:12'),
(460, 'Similique qui voluptas omnis consequatur velit eum sit.', 189, 1, '2020-02-27 16:07:12', '2020-02-27 16:07:12'),
(461, 'Doloribus dolorem aut vero corporis dignissimos et dolorem.', 162, 24, '2020-02-27 16:07:12', '2020-02-27 16:07:12'),
(462, 'Deserunt voluptates amet dicta ipsum et. Doloribus voluptatum veniam eius perferendis soluta.', 122, 4, '2020-02-27 16:07:12', '2020-02-27 16:07:12'),
(463, 'Impedit tempore perspiciatis expedita fuga rerum a sed sequi.', 122, 33, '2020-02-27 16:07:12', '2020-02-27 16:07:12'),
(464, 'Autem minima magnam reprehenderit.', 83, 40, '2020-02-27 16:07:12', '2020-02-27 16:07:12'),
(465, 'Occaecati id aut mollitia voluptates facere veniam quis. Odit in eum quia sit sint tenetur.', 80, 20, '2020-02-27 16:07:12', '2020-02-27 16:07:12'),
(466, 'Voluptates molestias nobis rerum doloremque debitis et modi voluptatem.', 20, 6, '2020-02-27 16:07:12', '2020-02-27 16:07:12'),
(467, 'Optio nostrum est quo dolorum ipsum deserunt vel.', 43, 35, '2020-02-27 16:07:12', '2020-02-27 16:07:12'),
(468, 'Sit tempora voluptas molestiae et culpa minus exercitationem.', 53, 48, '2020-02-27 16:07:12', '2020-02-27 16:07:12'),
(469, 'Deserunt optio labore rem blanditiis. Possimus illum excepturi totam non et soluta.', 198, 23, '2020-02-27 16:07:12', '2020-02-27 16:07:12'),
(470, 'Dolores rerum quos asperiores veniam. Pariatur quae at sunt et sequi qui modi enim.', 142, 13, '2020-02-27 16:07:12', '2020-02-27 16:07:12'),
(471, 'Quaerat est praesentium aut atque.', 101, 46, '2020-02-27 16:07:12', '2020-02-27 16:07:12'),
(472, 'Quos aperiam et labore quia qui autem mollitia.', 15, 38, '2020-02-27 16:07:12', '2020-02-27 16:07:12'),
(473, 'Dolor earum unde labore debitis dicta dolores.', 186, 44, '2020-02-27 16:07:12', '2020-02-27 16:07:12'),
(474, 'Mollitia praesentium maxime et aliquid et officiis dolore. Incidunt perferendis ut corrupti ut deserunt eligendi.', 19, 46, '2020-02-27 16:07:12', '2020-02-27 16:07:12'),
(475, 'Porro aut quae praesentium earum.', 200, 35, '2020-02-27 16:07:12', '2020-02-27 16:07:12'),
(476, 'In enim id omnis est. Eum pariatur blanditiis ducimus mollitia enim molestias ut.', 50, 40, '2020-02-27 16:07:12', '2020-02-27 16:07:12'),
(477, 'Eos qui provident vel architecto iusto odit et enim. Itaque similique harum eveniet dolor eveniet praesentium quisquam quia.', 7, 24, '2020-02-27 16:07:12', '2020-02-27 16:07:12'),
(478, 'Dolor et sit mollitia molestiae impedit pariatur.', 14, 39, '2020-02-27 16:07:12', '2020-02-27 16:07:12'),
(479, 'Numquam quibusdam ipsa eligendi ut.', 154, 1, '2020-02-27 16:07:12', '2020-02-27 16:07:12'),
(480, 'Incidunt quasi ut quibusdam sed. Assumenda alias nam dolorem culpa.', 139, 30, '2020-02-27 16:07:12', '2020-02-27 16:07:12'),
(481, 'Amet autem eum esse. Quis sit voluptatem corporis porro aut dicta voluptatum voluptatem.', 153, 29, '2020-02-27 16:07:12', '2020-02-27 16:07:12'),
(482, 'Aspernatur aut doloremque ducimus. Libero laborum autem consequatur doloribus nesciunt et tenetur.', 172, 16, '2020-02-27 16:07:12', '2020-02-27 16:07:12'),
(483, 'Quam inventore earum voluptatem perferendis sequi fuga eum officiis.', 56, 9, '2020-02-27 16:07:13', '2020-02-27 16:07:13'),
(484, 'Nihil enim tenetur inventore deserunt amet molestias.', 7, 5, '2020-02-27 16:07:13', '2020-02-27 16:07:13'),
(485, 'Quia omnis voluptas impedit ut quae ipsam. Dolorem quos exercitationem aut debitis odit sed iure.', 89, 39, '2020-02-27 16:07:13', '2020-02-27 16:07:13'),
(486, 'Ipsum ratione sapiente debitis vitae velit eos. Suscipit qui aut nobis enim et sunt numquam.', 8, 41, '2020-02-27 16:07:13', '2020-02-27 16:07:13'),
(487, 'Aut nulla inventore ut quo voluptatem omnis consequuntur tempora.', 71, 6, '2020-02-27 16:07:13', '2020-02-27 16:07:13'),
(488, 'Dolorem enim perspiciatis rerum hic velit asperiores quia.', 43, 43, '2020-02-27 16:07:13', '2020-02-27 16:07:13'),
(489, 'Velit est eum in quis omnis aliquid ullam. Ut quisquam perferendis ut deserunt.', 94, 22, '2020-02-27 16:07:13', '2020-02-27 16:07:13'),
(490, 'Libero minima architecto modi quidem numquam et.', 121, 24, '2020-02-27 16:07:13', '2020-02-27 16:07:13'),
(491, 'Suscipit rerum ut corrupti cupiditate ut nostrum.', 85, 40, '2020-02-27 16:07:13', '2020-02-27 16:07:13'),
(492, 'Accusantium quo reiciendis et modi nihil aspernatur nesciunt. Vero asperiores sunt molestiae.', 157, 47, '2020-02-27 16:07:13', '2020-02-27 16:07:13'),
(493, 'Tempora saepe nulla voluptatem culpa. Sed debitis corrupti maiores alias sit placeat.', 72, 29, '2020-02-27 16:07:13', '2020-02-27 16:07:13'),
(494, 'Ea voluptas consequatur architecto ipsa et.', 41, 12, '2020-02-27 16:07:13', '2020-02-27 16:07:13'),
(495, 'Et totam quia est repudiandae dolorum. Dolor eaque aperiam et sint vel exercitationem qui omnis.', 81, 4, '2020-02-27 16:07:13', '2020-02-27 16:07:13'),
(496, 'Sit eos architecto eum numquam. Alias praesentium voluptatem odio.', 118, 42, '2020-02-27 16:07:13', '2020-02-27 16:07:13'),
(497, 'Ex sint maiores assumenda soluta est odit ab ea. Enim voluptas possimus dicta et quis voluptatum impedit.', 85, 32, '2020-02-27 16:07:13', '2020-02-27 16:07:13'),
(498, 'Dicta dolores dolores voluptatem animi ea animi aliquam iure. Repudiandae ipsa voluptatem quae dolor illo et.', 14, 13, '2020-02-27 16:07:13', '2020-02-27 16:07:13'),
(499, 'Aut id ut harum.', 193, 50, '2020-02-27 16:07:13', '2020-02-27 16:07:13'),
(500, 'Accusantium sed illum consequuntur fugit aut quia tempore. Neque sit quia sint sunt temporibus amet cumque.', 153, 28, '2020-02-27 16:07:13', '2020-02-27 16:07:13'),
(501, 'Quisquam quasi quo dolores iusto sunt veritatis ipsum. Earum beatae repellendus iste quos quia.', 187, 1, '2020-02-27 16:07:13', '2020-02-27 16:07:13'),
(502, 'Earum eos laboriosam qui doloremque est ut et. Aut dolorum consequatur error consequatur quidem.', 54, 10, '2020-02-27 16:07:13', '2020-02-27 16:07:13'),
(503, 'Eum reprehenderit saepe ratione itaque illum quidem.', 157, 38, '2020-02-27 16:07:13', '2020-02-27 16:07:13'),
(504, 'Vel sequi et deleniti.', 118, 9, '2020-02-27 16:07:13', '2020-02-27 16:07:13'),
(505, 'Earum explicabo qui a fugiat magnam accusamus molestiae id.', 194, 16, '2020-02-27 16:07:13', '2020-02-27 16:07:13'),
(506, 'Deserunt delectus et similique laborum. Sunt delectus est molestiae cupiditate ipsum ut suscipit.', 130, 40, '2020-02-27 16:07:13', '2020-02-27 16:07:13'),
(507, 'Sunt quasi ipsum ratione vitae qui. Provident ullam et quasi omnis similique sint nemo.', 112, 20, '2020-02-27 16:07:13', '2020-02-27 16:07:13'),
(508, 'Nam non est nobis quaerat et veniam est consectetur. Fugit placeat saepe dolor ab ea quaerat.', 71, 21, '2020-02-27 16:07:14', '2020-02-27 16:07:14'),
(509, 'Vel deserunt fugiat quo quia similique sint.', 121, 29, '2020-02-27 16:07:14', '2020-02-27 16:07:14'),
(510, 'Aut ratione occaecati est possimus a nulla ut. Nihil in cupiditate recusandae non aperiam.', 181, 37, '2020-02-27 16:07:14', '2020-02-27 16:07:14'),
(511, 'Repudiandae illum sed suscipit aut dolorem. Aperiam a et soluta et repellat.', 191, 49, '2020-02-27 16:07:14', '2020-02-27 16:07:14'),
(512, 'At rerum sint illo sed ratione a rerum. Illum placeat repellat nesciunt atque blanditiis non.', 165, 27, '2020-02-27 16:07:14', '2020-02-27 16:07:14'),
(513, 'Provident voluptas quo vel aperiam consequatur excepturi nihil.', 65, 37, '2020-02-27 16:07:14', '2020-02-27 16:07:14'),
(514, 'Sit quas suscipit facilis ut aperiam velit numquam dolorum. Nulla accusantium voluptatem quia.', 144, 7, '2020-02-27 16:07:14', '2020-02-27 16:07:14'),
(515, 'Dolorum commodi id culpa rerum non aut et dolor. Quisquam placeat totam quaerat quia aliquid ut.', 87, 29, '2020-02-27 16:07:14', '2020-02-27 16:07:14'),
(516, 'Ipsam ut est at.', 32, 15, '2020-02-27 16:07:14', '2020-02-27 16:07:14'),
(517, 'Dolores eveniet enim voluptates asperiores.', 196, 44, '2020-02-27 16:07:14', '2020-02-27 16:07:14'),
(518, 'Omnis consequatur cupiditate corporis.', 22, 38, '2020-02-27 16:07:14', '2020-02-27 16:07:14'),
(519, 'Voluptas sunt mollitia ut natus cum.', 42, 33, '2020-02-27 16:07:14', '2020-02-27 16:07:14'),
(520, 'At culpa et ex iste. Neque porro sit hic accusantium non nihil.', 81, 27, '2020-02-27 16:07:14', '2020-02-27 16:07:14'),
(521, 'Fugit ipsum eos est aperiam. Possimus repudiandae consequatur architecto aspernatur.', 111, 38, '2020-02-27 16:07:14', '2020-02-27 16:07:14'),
(522, 'Qui non rerum molestias similique. Quia eos nostrum inventore numquam.', 173, 1, '2020-02-27 16:07:14', '2020-02-27 16:07:14'),
(523, 'Dolore quas ullam iure architecto.', 96, 25, '2020-02-27 16:07:14', '2020-02-27 16:07:14'),
(524, 'Est corrupti doloribus esse quia. Velit est totam sed nam.', 156, 15, '2020-02-27 16:07:14', '2020-02-27 16:07:14'),
(525, 'Quia vero deleniti dolorem quibusdam sit. Qui atque ut laborum nihil ab vero ullam.', 102, 40, '2020-02-27 16:07:14', '2020-02-27 16:07:14'),
(526, 'Nulla et aut molestias quo.', 80, 27, '2020-02-27 16:07:14', '2020-02-27 16:07:14'),
(527, 'Aperiam iure et voluptatem mollitia. Quisquam autem dolor incidunt rerum non reprehenderit voluptates amet.', 78, 15, '2020-02-27 16:07:14', '2020-02-27 16:07:14'),
(528, 'Quia placeat et dolor magni. Explicabo ad a blanditiis similique.', 186, 10, '2020-02-27 16:07:14', '2020-02-27 16:07:14'),
(529, 'Aliquam velit quis iure qui blanditiis molestias temporibus.', 87, 44, '2020-02-27 16:07:14', '2020-02-27 16:07:14'),
(530, 'Labore quam enim repellendus modi incidunt quidem. Et necessitatibus et velit perspiciatis alias accusamus autem quia.', 82, 46, '2020-02-27 16:07:14', '2020-02-27 16:07:14'),
(531, 'Et ab voluptas impedit consequatur perferendis delectus molestias. Sed nihil non consequuntur ducimus sed consequatur magnam est.', 40, 21, '2020-02-27 16:07:14', '2020-02-27 16:07:14'),
(532, 'Ex voluptatibus consectetur omnis molestias quod nesciunt. Ex reiciendis veritatis molestiae.', 177, 5, '2020-02-27 16:07:14', '2020-02-27 16:07:14'),
(533, 'Exercitationem dolor soluta quo dignissimos quisquam eveniet aliquid corporis. Iusto veritatis inventore nobis recusandae.', 106, 29, '2020-02-27 16:07:14', '2020-02-27 16:07:14'),
(534, 'Quia tempore voluptas quia distinctio. Libero distinctio voluptate quos totam molestias adipisci.', 65, 10, '2020-02-27 16:07:14', '2020-02-27 16:07:14'),
(535, 'Officia recusandae nihil repellat perspiciatis. Nobis veritatis assumenda vitae perspiciatis veritatis.', 173, 45, '2020-02-27 16:07:14', '2020-02-27 16:07:14'),
(536, 'Dolor mollitia harum incidunt rerum accusantium quasi. Blanditiis voluptas eligendi alias sed autem.', 46, 50, '2020-02-27 16:07:14', '2020-02-27 16:07:14'),
(537, 'Voluptate nostrum rerum aperiam voluptatem labore eum.', 48, 23, '2020-02-27 16:07:15', '2020-02-27 16:07:15'),
(538, 'Magnam id rem voluptatem architecto ullam numquam sint.', 176, 32, '2020-02-27 16:07:15', '2020-02-27 16:07:15'),
(539, 'Expedita aperiam odit provident consequatur ullam.', 163, 15, '2020-02-27 16:07:15', '2020-02-27 16:07:15'),
(540, 'Aut dolor voluptas illo voluptatem nihil et optio.', 188, 31, '2020-02-27 16:07:15', '2020-02-27 16:07:15'),
(541, 'Tempore quia quisquam fuga tempora sed.', 134, 3, '2020-02-27 16:07:15', '2020-02-27 16:07:15'),
(542, 'Ut quia non molestiae eveniet dolorum repellendus illum.', 1, 36, '2020-02-27 16:07:15', '2020-02-27 16:07:15'),
(543, 'Quos qui ut voluptatem in et quis.', 155, 46, '2020-02-27 16:07:15', '2020-02-27 16:07:15'),
(544, 'Corporis rerum aut adipisci mollitia dolor.', 140, 39, '2020-02-27 16:07:15', '2020-02-27 16:07:15'),
(545, 'Quia quia quaerat quidem reiciendis.', 112, 20, '2020-02-27 16:07:15', '2020-02-27 16:07:15'),
(546, 'At voluptas id consequatur in. Aspernatur velit quam optio aut rerum.', 120, 25, '2020-02-27 16:07:15', '2020-02-27 16:07:15'),
(547, 'Quas quo sunt quas minus.', 47, 11, '2020-02-27 16:07:15', '2020-02-27 16:07:15'),
(548, 'Sapiente quibusdam vitae minus. Repudiandae molestiae dolor consectetur qui tenetur dolorem culpa.', 191, 14, '2020-02-27 16:07:15', '2020-02-27 16:07:15'),
(549, 'Facere consequatur voluptas inventore sed itaque in.', 11, 37, '2020-02-27 16:07:15', '2020-02-27 16:07:15'),
(550, 'Nemo libero et occaecati ea. Harum et voluptas et enim beatae aliquid quia quibusdam.', 175, 50, '2020-02-27 16:07:15', '2020-02-27 16:07:15'),
(551, 'Aperiam aliquam qui voluptates nobis quis.', 44, 42, '2020-02-27 16:07:15', '2020-02-27 16:07:15'),
(552, 'Inventore tenetur sed dolores voluptatem maxime.', 42, 37, '2020-02-27 16:07:15', '2020-02-27 16:07:15'),
(553, 'Corrupti magnam suscipit beatae repellat voluptatem eum et iure. Voluptates nulla voluptatibus repudiandae aut eligendi ullam perferendis.', 137, 24, '2020-02-27 16:07:15', '2020-02-27 16:07:15'),
(554, 'Tempore qui beatae molestias.', 52, 9, '2020-02-27 16:07:15', '2020-02-27 16:07:15'),
(555, 'Sint necessitatibus et autem accusamus iure odio veniam.', 91, 23, '2020-02-27 16:07:15', '2020-02-27 16:07:15'),
(556, 'Sit et quibusdam et libero. Itaque in corrupti voluptatem consequatur voluptas assumenda cumque.', 190, 46, '2020-02-27 16:07:15', '2020-02-27 16:07:15'),
(557, 'Aut dolor exercitationem iusto sint. Ut id animi sint nihil voluptas et eaque.', 132, 28, '2020-02-27 16:07:15', '2020-02-27 16:07:15'),
(558, 'Sit eveniet dolores dolore non laboriosam.', 7, 15, '2020-02-27 16:07:15', '2020-02-27 16:07:15'),
(559, 'Error rem consequatur quis deserunt veniam est. Cumque sit error sit sit excepturi est.', 119, 36, '2020-02-27 16:07:15', '2020-02-27 16:07:15'),
(560, 'Itaque dolor iure voluptatem sunt ipsa.', 19, 17, '2020-02-27 16:07:15', '2020-02-27 16:07:15'),
(561, 'Laudantium beatae libero quod in suscipit.', 6, 39, '2020-02-27 16:07:15', '2020-02-27 16:07:15'),
(562, 'Iusto consequuntur nisi laborum amet.', 33, 15, '2020-02-27 16:07:15', '2020-02-27 16:07:15'),
(563, 'Voluptatem corrupti nihil aspernatur autem rerum facilis. Porro velit praesentium consectetur.', 135, 26, '2020-02-27 16:07:15', '2020-02-27 16:07:15'),
(564, 'Sit expedita eos vel magni consequatur. Nesciunt fugiat dolores et repudiandae.', 65, 13, '2020-02-27 16:07:15', '2020-02-27 16:07:15'),
(565, 'In dolore odio assumenda harum ipsam voluptatem rerum.', 189, 45, '2020-02-27 16:07:16', '2020-02-27 16:07:16'),
(566, 'Nihil aspernatur voluptas autem provident distinctio aut voluptatem et. Provident ab maiores eos.', 67, 1, '2020-02-27 16:07:16', '2020-02-27 16:07:16'),
(567, 'Ea corporis eos voluptas dolores.', 191, 44, '2020-02-27 16:07:16', '2020-02-27 16:07:16'),
(568, 'Nisi harum perspiciatis qui sint eligendi dignissimos. Rerum tenetur est velit reprehenderit enim reprehenderit.', 165, 1, '2020-02-27 16:07:16', '2020-02-27 16:07:16'),
(569, 'Officia nulla eveniet non iure et.', 24, 19, '2020-02-27 16:07:16', '2020-02-27 16:07:16'),
(570, 'Incidunt expedita nisi facilis cumque. Assumenda deleniti earum expedita vero.', 192, 44, '2020-02-27 16:07:16', '2020-02-27 16:07:16'),
(571, 'Autem ea cupiditate eveniet reprehenderit corrupti est deserunt qui. Quam voluptas inventore commodi dolore.', 11, 28, '2020-02-27 16:07:16', '2020-02-27 16:07:16'),
(572, 'Neque iusto repellendus et possimus ipsum. Consequuntur aperiam aut dicta quia quos voluptatem necessitatibus.', 68, 26, '2020-02-27 16:07:16', '2020-02-27 16:07:16'),
(573, 'Minus cupiditate dolor exercitationem est non iure.', 35, 44, '2020-02-27 16:07:16', '2020-02-27 16:07:16'),
(574, 'Enim facere non excepturi nemo voluptatem animi consectetur. Maxime aperiam ad sunt a.', 167, 14, '2020-02-27 16:07:16', '2020-02-27 16:07:16'),
(575, 'Quisquam et eum libero quam nulla id. Et laborum modi sunt.', 111, 8, '2020-02-27 16:07:16', '2020-02-27 16:07:16'),
(576, 'Sed amet doloribus numquam eos magnam distinctio.', 118, 46, '2020-02-27 16:07:16', '2020-02-27 16:07:16'),
(577, 'Ipsa quaerat occaecati dolorem.', 26, 22, '2020-02-27 16:07:16', '2020-02-27 16:07:16'),
(578, 'Harum recusandae qui asperiores laudantium non amet maxime. Impedit provident vitae magni itaque.', 44, 20, '2020-02-27 16:07:16', '2020-02-27 16:07:16'),
(579, 'Mollitia voluptatem dignissimos alias enim accusamus perspiciatis impedit.', 160, 4, '2020-02-27 16:07:16', '2020-02-27 16:07:16'),
(580, 'Molestiae hic sunt dolorem nihil quia quia suscipit.', 14, 3, '2020-02-27 16:07:16', '2020-02-27 16:07:16'),
(581, 'Pariatur et et accusantium recusandae nulla qui deserunt.', 90, 46, '2020-02-27 16:07:16', '2020-02-27 16:07:16'),
(582, 'Dolor ut harum recusandae.', 70, 20, '2020-02-27 16:07:16', '2020-02-27 16:07:16'),
(583, 'Voluptatem aliquid harum qui nihil et.', 16, 12, '2020-02-27 16:07:16', '2020-02-27 16:07:16'),
(584, 'Molestiae explicabo qui aut consequatur deserunt atque consequatur minus. Quam non quia magnam nam.', 111, 8, '2020-02-27 16:07:16', '2020-02-27 16:07:16'),
(585, 'Placeat quo ipsam molestiae. Laborum quia aut dolorem hic.', 20, 25, '2020-02-27 16:07:16', '2020-02-27 16:07:16'),
(586, 'Accusamus ut deserunt ad cupiditate nam itaque. Dolorum eos est non vitae impedit.', 149, 4, '2020-02-27 16:07:16', '2020-02-27 16:07:16'),
(587, 'Quaerat ipsa molestiae earum deleniti voluptatem consequatur nihil eum.', 31, 1, '2020-02-27 16:07:16', '2020-02-27 16:07:16'),
(588, 'Assumenda nihil nihil in maiores. Tenetur ut dolore eveniet ut pariatur.', 149, 42, '2020-02-27 16:07:16', '2020-02-27 16:07:16'),
(589, 'Mollitia maiores quia repellendus cumque ut.', 170, 23, '2020-02-27 16:07:17', '2020-02-27 16:07:17'),
(590, 'Magni voluptatum officiis dolores consequatur.', 14, 4, '2020-02-27 16:07:17', '2020-02-27 16:07:17'),
(591, 'Maiores omnis suscipit autem et omnis aut perspiciatis suscipit. Reiciendis adipisci repellendus voluptas et pariatur qui sit amet.', 6, 3, '2020-02-27 16:07:17', '2020-02-27 16:07:17'),
(592, 'Quo culpa asperiores aspernatur praesentium.', 200, 35, '2020-02-27 16:07:17', '2020-02-27 16:07:17'),
(593, 'Consequuntur ad commodi natus fuga nisi reiciendis.', 46, 25, '2020-02-27 16:07:17', '2020-02-27 16:07:17'),
(594, 'Quia id quos et eos. Voluptatibus et optio laborum qui.', 177, 45, '2020-02-27 16:07:17', '2020-02-27 16:07:17'),
(595, 'Vel architecto qui non assumenda ipsum.', 81, 7, '2020-02-27 16:07:17', '2020-02-27 16:07:17'),
(596, 'Quis quo occaecati corrupti quasi dolor sit.', 108, 33, '2020-02-27 16:07:17', '2020-02-27 16:07:17'),
(597, 'Similique provident unde enim quos ut libero voluptas. Est voluptates fugiat quam sequi.', 40, 19, '2020-02-27 16:07:17', '2020-02-27 16:07:17'),
(598, 'Cum animi porro laborum incidunt eos dignissimos. Quos iste omnis quod nesciunt omnis debitis vel.', 158, 50, '2020-02-27 16:07:17', '2020-02-27 16:07:17'),
(599, 'Qui architecto ut officiis consequuntur omnis excepturi ut.', 153, 14, '2020-02-27 16:07:17', '2020-02-27 16:07:17'),
(600, 'Velit consequatur qui cupiditate eum sit commodi nemo. Perspiciatis dolores earum rerum vero asperiores repellat veniam.', 182, 38, '2020-02-27 16:07:17', '2020-02-27 16:07:17'),
(601, 'Qui quia numquam nobis ut architecto. Odio id eos alias fugit dolores dolorum delectus.', 145, 33, '2020-02-27 16:07:17', '2020-02-27 16:07:17'),
(602, 'Dolorum ut tempore aliquid et et. Voluptatem est iure facilis et nostrum.', 147, 23, '2020-02-27 16:07:17', '2020-02-27 16:07:17'),
(603, 'Eligendi explicabo fugiat non magni eos aut. Aliquid est molestiae id animi cupiditate et aliquam.', 171, 26, '2020-02-27 16:07:17', '2020-02-27 16:07:17'),
(604, 'Qui adipisci consequatur nihil et aspernatur et id. Earum magni quaerat et facilis.', 55, 1, '2020-02-27 16:07:17', '2020-02-27 16:07:17'),
(605, 'Dolorum aliquam ea quis maiores praesentium omnis. Accusamus animi aliquam autem dolores deleniti excepturi dolores.', 74, 31, '2020-02-27 16:07:17', '2020-02-27 16:07:17'),
(606, 'Non aut eum ut quidem.', 121, 31, '2020-02-27 16:07:17', '2020-02-27 16:07:17'),
(607, 'Animi molestiae quo repudiandae qui eius.', 107, 24, '2020-02-27 16:07:17', '2020-02-27 16:07:17'),
(608, 'Quia dicta vero aut sit doloremque error velit.', 114, 48, '2020-02-27 16:07:17', '2020-02-27 16:07:17'),
(609, 'Beatae aspernatur ipsum repellendus facilis praesentium dolores nulla. Consequatur illo ut quod amet voluptatum.', 27, 50, '2020-02-27 16:07:17', '2020-02-27 16:07:17'),
(610, 'Adipisci placeat delectus commodi id ipsa doloremque.', 95, 22, '2020-02-27 16:07:17', '2020-02-27 16:07:17'),
(611, 'Assumenda fugiat voluptates exercitationem eveniet aut praesentium consequatur.', 97, 45, '2020-02-27 16:07:17', '2020-02-27 16:07:17'),
(612, 'Voluptatem in quia omnis cupiditate. Sunt animi blanditiis sunt totam.', 117, 14, '2020-02-27 16:07:17', '2020-02-27 16:07:17'),
(613, 'Commodi expedita earum voluptatum cumque. Et quia voluptas deserunt minima.', 149, 25, '2020-02-27 16:07:17', '2020-02-27 16:07:17'),
(614, 'Libero repellendus rerum facere odit exercitationem nobis. Sed et harum id et odio ut.', 23, 29, '2020-02-27 16:07:17', '2020-02-27 16:07:17'),
(615, 'Enim nihil aspernatur molestiae doloremque nemo exercitationem.', 8, 32, '2020-02-27 16:07:17', '2020-02-27 16:07:17'),
(616, 'Nihil inventore corrupti vel ipsum a numquam dolore. Quo tempore hic deleniti sunt culpa quia est.', 180, 23, '2020-02-27 16:07:17', '2020-02-27 16:07:17'),
(617, 'Accusantium ut temporibus et et iste dicta fuga.', 33, 1, '2020-02-27 16:07:18', '2020-02-27 16:07:18'),
(618, 'Voluptatibus assumenda sapiente neque quis et.', 101, 15, '2020-02-27 16:07:18', '2020-02-27 16:07:18'),
(619, 'Nostrum aut ipsam aliquid ea sed.', 1, 44, '2020-02-27 16:07:18', '2020-02-27 16:07:18'),
(620, 'Nisi totam aut voluptate quae consequatur expedita. Dicta alias dolor beatae laborum.', 188, 36, '2020-02-27 16:07:18', '2020-02-27 16:07:18'),
(621, 'Earum quo debitis repudiandae et.', 51, 23, '2020-02-27 16:07:18', '2020-02-27 16:07:18'),
(622, 'Et dolor non ex. Sunt mollitia esse nulla quo ea nam dolor.', 172, 15, '2020-02-27 16:07:18', '2020-02-27 16:07:18'),
(623, 'Eaque ratione corporis ea unde exercitationem.', 169, 36, '2020-02-27 16:07:18', '2020-02-27 16:07:18'),
(624, 'Ut fugiat pariatur amet blanditiis dolorum quia.', 135, 24, '2020-02-27 16:07:18', '2020-02-27 16:07:18'),
(625, 'Tenetur tempore temporibus omnis. Consequuntur sit est sint ad.', 73, 46, '2020-02-27 16:07:18', '2020-02-27 16:07:18'),
(626, 'Voluptates assumenda magni ducimus illo impedit. Accusamus architecto qui ab sunt mollitia voluptas.', 175, 10, '2020-02-27 16:07:18', '2020-02-27 16:07:18'),
(627, 'Ipsum odit quis sint earum reiciendis delectus mollitia.', 112, 47, '2020-02-27 16:07:18', '2020-02-27 16:07:18'),
(628, 'A libero magni eligendi corrupti provident occaecati ipsum.', 4, 16, '2020-02-27 16:07:18', '2020-02-27 16:07:18'),
(629, 'Fuga voluptatum doloribus quia.', 183, 41, '2020-02-27 16:07:18', '2020-02-27 16:07:18'),
(630, 'Sunt quis fugit libero velit sapiente. Minus enim culpa qui.', 4, 16, '2020-02-27 16:07:18', '2020-02-27 16:07:18'),
(631, 'Minima vero molestiae qui voluptatem. Ut esse incidunt sint voluptatem.', 9, 10, '2020-02-27 16:07:18', '2020-02-27 16:07:18'),
(632, 'Eligendi dolores et nulla voluptas dolores sed voluptatibus nam.', 17, 4, '2020-02-27 16:07:18', '2020-02-27 16:07:18'),
(633, 'Accusantium accusantium adipisci quos qui.', 160, 46, '2020-02-27 16:07:18', '2020-02-27 16:07:18'),
(634, 'Tempore consequatur saepe quam est nesciunt aliquid quaerat sint. Fugit labore nesciunt velit.', 78, 15, '2020-02-27 16:07:18', '2020-02-27 16:07:18'),
(635, 'Sunt enim alias voluptates molestias voluptatum quas quia id. Molestiae delectus voluptas aliquid quo dolorum veritatis nulla.', 24, 14, '2020-02-27 16:07:18', '2020-02-27 16:07:18'),
(636, 'Architecto molestiae aut odit asperiores eveniet. Voluptates sunt autem et minima.', 15, 30, '2020-02-27 16:07:18', '2020-02-27 16:07:18'),
(637, 'Eaque aliquam omnis recusandae rerum commodi aliquid tempore. Perferendis atque eum dolorem aliquid est.', 185, 35, '2020-02-27 16:07:18', '2020-02-27 16:07:18'),
(638, 'Sint qui quia alias voluptatem qui.', 152, 6, '2020-02-27 16:07:18', '2020-02-27 16:07:18'),
(639, 'Molestias numquam magni natus sunt ut minima quos voluptatum. Velit a ratione odio omnis eveniet.', 174, 37, '2020-02-27 16:07:18', '2020-02-27 16:07:18'),
(640, 'Laudantium quam sint soluta illum.', 132, 48, '2020-02-27 16:07:18', '2020-02-27 16:07:18'),
(641, 'Perspiciatis quo aspernatur beatae ut. Incidunt quia soluta sunt.', 144, 41, '2020-02-27 16:07:18', '2020-02-27 16:07:18'),
(642, 'Dignissimos at adipisci tempore et.', 54, 11, '2020-02-27 16:07:18', '2020-02-27 16:07:18'),
(643, 'Sit dolores aliquid incidunt odit unde corporis.', 127, 21, '2020-02-27 16:07:19', '2020-02-27 16:07:19'),
(644, 'Fugiat et et rerum fugiat voluptatem.', 192, 34, '2020-02-27 16:07:19', '2020-02-27 16:07:19'),
(645, 'Nobis in in pariatur dolorem excepturi.', 170, 35, '2020-02-27 16:07:19', '2020-02-27 16:07:19'),
(646, 'Rerum voluptates ea quia impedit veniam culpa nesciunt. Cumque architecto molestiae cum est vitae quia.', 86, 1, '2020-02-27 16:07:19', '2020-02-27 16:07:19'),
(647, 'Non repellat sed veniam nulla ut optio blanditiis.', 94, 49, '2020-02-27 16:07:19', '2020-02-27 16:07:19'),
(648, 'Dolores illum non quia totam. Dolor delectus rerum id est.', 88, 7, '2020-02-27 16:07:19', '2020-02-27 16:07:19'),
(649, 'In illo animi suscipit.', 16, 19, '2020-02-27 16:07:19', '2020-02-27 16:07:19'),
(650, 'Qui dolores eum quis fugit. Atque voluptatem sapiente iste optio.', 125, 41, '2020-02-27 16:07:19', '2020-02-27 16:07:19'),
(651, 'Et nihil sint nam deserunt rerum numquam. Aliquam rerum deserunt pariatur eligendi.', 166, 47, '2020-02-27 16:07:19', '2020-02-27 16:07:19'),
(652, 'Ut sed pariatur fugit voluptas voluptas. Quam beatae sunt illum accusamus amet.', 40, 11, '2020-02-27 16:07:19', '2020-02-27 16:07:19'),
(653, 'Aut cum voluptas pariatur consequatur optio ut officia.', 79, 45, '2020-02-27 16:07:19', '2020-02-27 16:07:19'),
(654, 'Facilis autem alias atque nihil aut illum veniam. Reiciendis rem in impedit.', 162, 20, '2020-02-27 16:07:19', '2020-02-27 16:07:19'),
(655, 'Et est laborum veritatis occaecati velit explicabo.', 34, 32, '2020-02-27 16:07:19', '2020-02-27 16:07:19'),
(656, 'Rerum dolorum expedita eveniet totam necessitatibus magnam accusantium ullam. Vel quam mollitia odit sit quisquam asperiores.', 35, 37, '2020-02-27 16:07:19', '2020-02-27 16:07:19'),
(657, 'Ab illo quibusdam molestiae nihil. Odio quidem vel et qui.', 161, 48, '2020-02-27 16:07:19', '2020-02-27 16:07:19'),
(658, 'Nobis velit quo sed repudiandae debitis et consequuntur.', 68, 12, '2020-02-27 16:07:19', '2020-02-27 16:07:19'),
(659, 'Rerum autem id ratione sequi nihil non molestiae.', 48, 17, '2020-02-27 16:07:19', '2020-02-27 16:07:19'),
(660, 'Amet perspiciatis adipisci accusantium voluptas exercitationem accusantium recusandae ipsam. Quo autem ut accusamus iusto.', 187, 45, '2020-02-27 16:07:19', '2020-02-27 16:07:19'),
(661, 'Et repellat iusto cum nihil. Cumque dolor quia qui hic.', 122, 36, '2020-02-27 16:07:19', '2020-02-27 16:07:19'),
(662, 'Occaecati delectus omnis ut voluptatem non.', 107, 5, '2020-02-27 16:07:19', '2020-02-27 16:07:19'),
(663, 'Corporis nobis vel similique. Sapiente corporis illum consequatur consequatur officia.', 103, 8, '2020-02-27 16:07:19', '2020-02-27 16:07:19'),
(664, 'Quasi aut perferendis dolorum ex.', 178, 46, '2020-02-27 16:07:19', '2020-02-27 16:07:19'),
(665, 'Eos veritatis et voluptatibus occaecati excepturi incidunt omnis.', 46, 4, '2020-02-27 16:07:19', '2020-02-27 16:07:19'),
(666, 'Ea id sit possimus corrupti sint non ipsum. Ea officiis cumque voluptatem corrupti rerum aut.', 48, 28, '2020-02-27 16:07:20', '2020-02-27 16:07:20'),
(667, 'Veniam iste dolorem possimus. Nam et aliquid fugiat aut aut.', 165, 30, '2020-02-27 16:07:20', '2020-02-27 16:07:20'),
(668, 'Nisi accusantium deleniti aut aliquid. Quam architecto aut voluptatum et atque aspernatur ut.', 164, 6, '2020-02-27 16:07:20', '2020-02-27 16:07:20'),
(669, 'Rerum voluptatum repellendus voluptatem. Eos nobis sunt minima autem culpa et.', 80, 25, '2020-02-27 16:07:20', '2020-02-27 16:07:20'),
(670, 'Omnis est ad rerum ipsam est.', 86, 20, '2020-02-27 16:07:20', '2020-02-27 16:07:20'),
(671, 'Mollitia magni qui ullam esse sed autem.', 5, 20, '2020-02-27 16:07:20', '2020-02-27 16:07:20'),
(672, 'Expedita vero vel ullam incidunt. Distinctio perferendis cum maiores cupiditate quisquam est.', 7, 1, '2020-02-27 16:07:20', '2020-02-27 16:07:20'),
(673, 'Sapiente nihil ut non odit voluptas velit veniam.', 113, 30, '2020-02-27 16:07:20', '2020-02-27 16:07:20'),
(674, 'Ut ipsam molestias aut officiis labore est voluptatum. Quia consequatur odio nihil deserunt aspernatur minus.', 23, 49, '2020-02-27 16:07:20', '2020-02-27 16:07:20'),
(675, 'Occaecati sint explicabo est velit.', 147, 3, '2020-02-27 16:07:20', '2020-02-27 16:07:20'),
(676, 'Autem assumenda occaecati fugiat cumque quo dolorem. Cumque corrupti numquam odio est dolorem.', 47, 2, '2020-02-27 16:07:20', '2020-02-27 16:07:20'),
(677, 'Fugit accusantium soluta minus et.', 27, 1, '2020-02-27 16:07:20', '2020-02-27 16:07:20'),
(678, 'Sit possimus architecto modi quibusdam.', 18, 10, '2020-02-27 16:07:20', '2020-02-27 16:07:20'),
(679, 'Nemo omnis voluptas culpa et dolorem.', 120, 44, '2020-02-27 16:07:20', '2020-02-27 16:07:20'),
(680, 'Sed aliquid ut non eveniet repellat odit. Iure dignissimos autem autem sequi provident.', 13, 1, '2020-02-27 16:07:20', '2020-02-27 16:07:20'),
(681, 'Omnis ipsum reprehenderit totam eius. Deleniti impedit sunt quos ut.', 62, 48, '2020-02-27 16:07:20', '2020-02-27 16:07:20'),
(682, 'Laborum error sit impedit commodi sed excepturi.', 176, 35, '2020-02-27 16:07:20', '2020-02-27 16:07:20'),
(683, 'Quae aut atque adipisci.', 24, 46, '2020-02-27 16:07:20', '2020-02-27 16:07:20'),
(684, 'Natus repudiandae voluptatibus aut. Repellat ipsum suscipit hic ut.', 152, 44, '2020-02-27 16:07:20', '2020-02-27 16:07:20'),
(685, 'Est odio voluptate voluptate nesciunt perferendis eligendi.', 134, 38, '2020-02-27 16:07:20', '2020-02-27 16:07:20'),
(686, 'Earum velit officiis dolores incidunt facere id excepturi.', 10, 36, '2020-02-27 16:07:20', '2020-02-27 16:07:20'),
(687, 'Iste nihil est voluptatem facere voluptates. Ipsa sed et iusto sed vel voluptate sit.', 150, 6, '2020-02-27 16:07:20', '2020-02-27 16:07:20'),
(688, 'Officia consectetur deserunt eos eos ut.', 4, 6, '2020-02-27 16:07:20', '2020-02-27 16:07:20'),
(689, 'Itaque consequatur voluptatibus ut et aut accusamus qui natus. Aut voluptatem reiciendis ipsam tempore doloribus.', 191, 49, '2020-02-27 16:07:20', '2020-02-27 16:07:20'),
(690, 'Dolor vel voluptatibus incidunt autem veniam maxime. Harum magni dolor distinctio illum temporibus.', 26, 33, '2020-02-27 16:07:20', '2020-02-27 16:07:20'),
(691, 'Ad voluptates sequi alias aut ut aut.', 9, 41, '2020-02-27 16:07:21', '2020-02-27 16:07:21'),
(692, 'Totam quis et pariatur omnis adipisci.', 49, 3, '2020-02-27 16:07:21', '2020-02-27 16:07:21'),
(693, 'Rerum ad sunt cumque non quo et.', 52, 20, '2020-02-27 16:07:21', '2020-02-27 16:07:21'),
(694, 'Quas numquam illo laboriosam quia sunt amet. Voluptate aliquam commodi consectetur voluptatem optio quae eaque.', 185, 21, '2020-02-27 16:07:21', '2020-02-27 16:07:21'),
(695, 'In nihil harum id qui consequatur fuga alias. Rerum delectus sint at sed nemo quisquam sed dicta.', 5, 34, '2020-02-27 16:07:21', '2020-02-27 16:07:21'),
(696, 'Quae adipisci id natus similique quo cupiditate natus.', 74, 21, '2020-02-27 16:07:21', '2020-02-27 16:07:21'),
(697, 'Maiores aut similique id nobis et ea sint. Voluptas nisi harum ea.', 190, 29, '2020-02-27 16:07:21', '2020-02-27 16:07:21'),
(698, 'Aut sed ullam est error.', 61, 19, '2020-02-27 16:07:21', '2020-02-27 16:07:21'),
(699, 'Veniam nam natus nam nobis. Dicta est qui tempore sapiente voluptatem ut nesciunt.', 182, 2, '2020-02-27 16:07:21', '2020-02-27 16:07:21'),
(700, 'Placeat fugit saepe corrupti fugiat. Dolor magni tempore quod cum nihil maiores rerum.', 178, 32, '2020-02-27 16:07:21', '2020-02-27 16:07:21'),
(701, 'Veritatis esse voluptatem sint labore repudiandae distinctio id. Voluptas omnis beatae voluptatem hic quod aut.', 87, 12, '2020-02-27 16:07:21', '2020-02-27 16:07:21'),
(702, 'Aliquam nam est occaecati consectetur voluptatum consequatur. Quasi qui fugiat temporibus sit.', 122, 24, '2020-02-27 16:07:21', '2020-02-27 16:07:21'),
(703, 'Beatae atque et omnis quisquam.', 58, 39, '2020-02-27 16:07:21', '2020-02-27 16:07:21'),
(704, 'Consequatur qui sequi ipsam dicta ratione nobis qui. Eos animi perspiciatis nihil at.', 30, 14, '2020-02-27 16:07:21', '2020-02-27 16:07:21'),
(705, 'Odit est laudantium omnis sed voluptate quidem. Nemo officiis deserunt laborum ullam omnis eos corporis ut.', 33, 11, '2020-02-27 16:07:21', '2020-02-27 16:07:21'),
(706, 'Est ipsam qui et et. Ut maxime doloremque laudantium.', 188, 46, '2020-02-27 16:07:21', '2020-02-27 16:07:21'),
(707, 'Doloribus architecto est animi sunt.', 95, 16, '2020-02-27 16:07:21', '2020-02-27 16:07:21'),
(708, 'Voluptatem consequuntur asperiores sunt. Sed explicabo non nihil.', 95, 39, '2020-02-27 16:07:21', '2020-02-27 16:07:21'),
(709, 'Voluptatum repellat eaque et incidunt suscipit provident atque.', 85, 2, '2020-02-27 16:07:21', '2020-02-27 16:07:21'),
(710, 'Nam est laudantium labore et dolorem ex perspiciatis.', 11, 29, '2020-02-27 16:07:21', '2020-02-27 16:07:21'),
(711, 'Unde et dolor ut atque.', 176, 42, '2020-02-27 16:07:21', '2020-02-27 16:07:21'),
(712, 'Dolor omnis vero numquam facere quae quis iusto. Iusto nulla animi ad optio facilis ea.', 3, 10, '2020-02-27 16:07:21', '2020-02-27 16:07:21'),
(713, 'Et omnis dolorem excepturi commodi.', 154, 35, '2020-02-27 16:07:21', '2020-02-27 16:07:21'),
(714, 'Accusantium error molestiae sequi eum consequuntur sed sit.', 53, 2, '2020-02-27 16:07:21', '2020-02-27 16:07:21'),
(715, 'Aut facere eos nostrum nesciunt. Maiores impedit sint temporibus cum omnis numquam.', 37, 4, '2020-02-27 16:07:21', '2020-02-27 16:07:21'),
(716, 'Optio quam sint aspernatur porro sint. Rerum reiciendis tenetur eligendi ut hic molestias quaerat.', 77, 40, '2020-02-27 16:07:21', '2020-02-27 16:07:21'),
(717, 'Voluptatem nihil rerum velit et.', 79, 49, '2020-02-27 16:07:21', '2020-02-27 16:07:21'),
(718, 'Ducimus dolorem ex ea et repudiandae quo. Enim magni facilis autem quam velit veritatis qui.', 72, 1, '2020-02-27 16:07:21', '2020-02-27 16:07:21'),
(719, 'Nemo aliquam consectetur ex et.', 172, 15, '2020-02-27 16:07:22', '2020-02-27 16:07:22'),
(720, 'Qui a id eveniet dolor culpa eius et. Commodi rerum quis dolor.', 87, 35, '2020-02-27 16:07:22', '2020-02-27 16:07:22'),
(721, 'Sed reprehenderit voluptas maxime deserunt saepe et sequi.', 35, 11, '2020-02-27 16:07:22', '2020-02-27 16:07:22'),
(722, 'Provident ullam eum animi est voluptatem optio. Illum dolorem sequi et autem.', 135, 16, '2020-02-27 16:07:22', '2020-02-27 16:07:22'),
(723, 'Et labore ut corrupti animi ut.', 77, 47, '2020-02-27 16:07:22', '2020-02-27 16:07:22'),
(724, 'Dolorum dolor quis aspernatur fuga assumenda laborum et. Qui tenetur dolor quo temporibus consectetur.', 159, 27, '2020-02-27 16:07:22', '2020-02-27 16:07:22'),
(725, 'Corrupti voluptatem fugiat quasi.', 200, 13, '2020-02-27 16:07:22', '2020-02-27 16:07:22'),
(726, 'Voluptatem aut adipisci veniam eos.', 28, 3, '2020-02-27 16:07:22', '2020-02-27 16:07:22'),
(727, 'Quod porro blanditiis quibusdam officia.', 77, 45, '2020-02-27 16:07:22', '2020-02-27 16:07:22'),
(728, 'Quis assumenda minus numquam iusto iure nihil iusto asperiores. Itaque et adipisci alias ex explicabo porro est maiores.', 36, 38, '2020-02-27 16:07:22', '2020-02-27 16:07:22'),
(729, 'Magni esse ullam eligendi inventore dignissimos facilis. Deleniti eum explicabo magnam quis eos sit incidunt.', 62, 19, '2020-02-27 16:07:22', '2020-02-27 16:07:22'),
(730, 'Sed sed enim nobis consequuntur.', 13, 23, '2020-02-27 16:07:22', '2020-02-27 16:07:22'),
(731, 'Et asperiores porro quos. Mollitia est tempora voluptatem.', 146, 42, '2020-02-27 16:07:22', '2020-02-27 16:07:22'),
(732, 'Ipsam ut quo atque modi aut qui quia eveniet.', 37, 32, '2020-02-27 16:07:22', '2020-02-27 16:07:22'),
(733, 'Sequi autem sunt labore qui cumque.', 40, 24, '2020-02-27 16:07:22', '2020-02-27 16:07:22'),
(734, 'Est sit perspiciatis ut est ipsam voluptates quo.', 9, 5, '2020-02-27 16:07:22', '2020-02-27 16:07:22'),
(735, 'Omnis maiores quia in totam accusamus. Quo et sit molestias placeat ratione dolor assumenda.', 28, 41, '2020-02-27 16:07:22', '2020-02-27 16:07:22'),
(736, 'Voluptates veniam veritatis optio quis sit quis repudiandae. Sunt aut harum atque quaerat.', 35, 5, '2020-02-27 16:07:22', '2020-02-27 16:07:22'),
(737, 'Minus ex in omnis eveniet sint qui maxime ut. Est optio ut occaecati maiores numquam ratione error.', 79, 43, '2020-02-27 16:07:22', '2020-02-27 16:07:22'),
(738, 'Inventore perferendis dicta consectetur sed ad.', 89, 39, '2020-02-27 16:07:22', '2020-02-27 16:07:22'),
(739, 'Commodi accusantium at quisquam voluptas cum omnis.', 31, 36, '2020-02-27 16:07:22', '2020-02-27 16:07:22'),
(740, 'Voluptatem qui quia eum est quisquam soluta. Velit in ut nulla odit nam.', 119, 4, '2020-02-27 16:07:22', '2020-02-27 16:07:22'),
(741, 'Voluptate impedit accusantium a molestias eligendi perferendis. Sint quis ex id et.', 140, 27, '2020-02-27 16:07:22', '2020-02-27 16:07:22'),
(742, 'Laborum sit quibusdam deleniti rerum id. Eos iste ut est temporibus recusandae illo.', 111, 9, '2020-02-27 16:07:22', '2020-02-27 16:07:22'),
(743, 'Necessitatibus consequuntur molestiae nobis qui quo. Corporis reiciendis voluptas ducimus dolor facere eveniet facere.', 80, 27, '2020-02-27 16:07:22', '2020-02-27 16:07:22'),
(744, 'Ab asperiores et ullam aspernatur quam blanditiis.', 198, 42, '2020-02-27 16:07:23', '2020-02-27 16:07:23'),
(745, 'Error itaque officiis aut tenetur. A est velit aut delectus consequuntur.', 136, 43, '2020-02-27 16:07:23', '2020-02-27 16:07:23'),
(746, 'Et quisquam impedit nulla molestiae.', 59, 22, '2020-02-27 16:07:23', '2020-02-27 16:07:23'),
(747, 'Et nihil minima fugiat.', 34, 28, '2020-02-27 16:07:23', '2020-02-27 16:07:23'),
(748, 'Et id non voluptatem atque occaecati. Sunt fuga aspernatur voluptatum dolor qui aut.', 38, 11, '2020-02-27 16:07:23', '2020-02-27 16:07:23'),
(749, 'Aliquam in eligendi molestias pariatur occaecati. Architecto laudantium sit et aut.', 16, 12, '2020-02-27 16:07:23', '2020-02-27 16:07:23'),
(750, 'Ab blanditiis minima ipsam facere odio ipsum. Molestiae nulla qui numquam iusto laborum sint aut.', 157, 42, '2020-02-27 16:07:23', '2020-02-27 16:07:23'),
(751, 'Voluptatibus magni omnis reprehenderit quia omnis nesciunt sunt vel.', 124, 46, '2020-02-27 16:07:23', '2020-02-27 16:07:23'),
(752, 'Fugiat excepturi nisi pariatur. Saepe atque sed porro quia qui alias beatae.', 52, 4, '2020-02-27 16:07:23', '2020-02-27 16:07:23'),
(753, 'Molestiae doloribus architecto et voluptatibus sint iure esse voluptatem. Blanditiis suscipit sint ducimus sunt minus saepe eaque.', 157, 20, '2020-02-27 16:07:23', '2020-02-27 16:07:23'),
(754, 'Numquam aut explicabo consequatur in quo quas perferendis.', 12, 14, '2020-02-27 16:07:23', '2020-02-27 16:07:23'),
(755, 'Quisquam ut sunt voluptas eligendi iusto. Soluta consequatur est autem et ea a occaecati qui.', 10, 29, '2020-02-27 16:07:23', '2020-02-27 16:07:23'),
(756, 'Corporis cupiditate eligendi dolorem magni ipsum.', 176, 35, '2020-02-27 16:07:23', '2020-02-27 16:07:23'),
(757, 'Cum earum ut molestiae ab voluptas et.', 173, 38, '2020-02-27 16:07:23', '2020-02-27 16:07:23'),
(758, 'Tenetur voluptas adipisci explicabo voluptas aliquid. Atque temporibus et rerum officia.', 118, 31, '2020-02-27 16:07:23', '2020-02-27 16:07:23'),
(759, 'Assumenda quia alias tenetur numquam minus. Vel voluptas sunt vel.', 172, 38, '2020-02-27 16:07:23', '2020-02-27 16:07:23'),
(760, 'Ex minus ratione ratione nemo et aut nemo.', 133, 6, '2020-02-27 16:07:23', '2020-02-27 16:07:23'),
(761, 'Est architecto ea earum modi aut. Quidem maxime id nihil amet.', 100, 11, '2020-02-27 16:07:23', '2020-02-27 16:07:23');
INSERT INTO `comments` (`id`, `comment`, `post_id`, `user_id`, `created_at`, `updated_at`) VALUES
(762, 'Ut officia est debitis asperiores necessitatibus. Itaque vitae ab eos quas ut dolores qui.', 180, 24, '2020-02-27 16:07:23', '2020-02-27 16:07:23'),
(763, 'Voluptate et voluptatem atque officia vel sit debitis.', 152, 3, '2020-02-27 16:07:23', '2020-02-27 16:07:23'),
(764, 'Dolores voluptas voluptas labore qui enim iste. Similique ratione dicta mollitia vero mollitia sint.', 156, 28, '2020-02-27 16:07:23', '2020-02-27 16:07:23'),
(765, 'Voluptas aut qui id totam aut dolor corrupti. Ut odit qui consequatur quidem.', 117, 32, '2020-02-27 16:07:23', '2020-02-27 16:07:23'),
(766, 'Tempora quia labore sit in hic. Sunt hic vitae enim voluptatem doloribus eius vitae.', 3, 47, '2020-02-27 16:07:23', '2020-02-27 16:07:23'),
(767, 'Consequatur sit ex totam voluptate. Molestiae quo quibusdam qui et est sunt.', 160, 43, '2020-02-27 16:07:23', '2020-02-27 16:07:23'),
(768, 'Pariatur rem similique aliquid qui eos quisquam. Deleniti ullam eligendi at saepe in nulla.', 77, 43, '2020-02-27 16:07:23', '2020-02-27 16:07:23'),
(769, 'Soluta numquam suscipit ipsum officiis sunt.', 81, 31, '2020-02-27 16:07:23', '2020-02-27 16:07:23'),
(770, 'Ipsa minima vero expedita beatae consequatur dolore.', 170, 7, '2020-02-27 16:07:23', '2020-02-27 16:07:23'),
(771, 'Molestiae inventore maiores impedit rerum adipisci et dolores.', 145, 40, '2020-02-27 16:07:23', '2020-02-27 16:07:23'),
(772, 'Enim vel blanditiis eveniet quia. Dolorem repellat qui debitis.', 96, 27, '2020-02-27 16:07:24', '2020-02-27 16:07:24'),
(773, 'Libero sit provident hic dicta quam reiciendis.', 105, 48, '2020-02-27 16:07:24', '2020-02-27 16:07:24'),
(774, 'Et voluptas velit eius deserunt consequuntur. Deleniti consequatur vel distinctio qui quos commodi molestias consequatur.', 54, 46, '2020-02-27 16:07:24', '2020-02-27 16:07:24'),
(775, 'Cupiditate non saepe expedita vero natus et.', 155, 17, '2020-02-27 16:07:24', '2020-02-27 16:07:24'),
(776, 'Enim consectetur qui totam consectetur. Adipisci id quae tempora nihil.', 149, 2, '2020-02-27 16:07:24', '2020-02-27 16:07:24'),
(777, 'Reiciendis suscipit qui molestiae fugiat sed aspernatur.', 9, 12, '2020-02-27 16:07:24', '2020-02-27 16:07:24'),
(778, 'Perspiciatis ab deserunt delectus aut dolor assumenda veniam nobis.', 200, 15, '2020-02-27 16:07:24', '2020-02-27 16:07:24'),
(779, 'Sit sed dolores enim ipsam ut.', 39, 39, '2020-02-27 16:07:24', '2020-02-27 16:07:24'),
(780, 'Quasi nam id quia est ex iure cupiditate.', 24, 37, '2020-02-27 16:07:24', '2020-02-27 16:07:24'),
(781, 'Est voluptas quia tempora et aut non. Autem earum rerum cum qui.', 74, 44, '2020-02-27 16:07:24', '2020-02-27 16:07:24'),
(782, 'In optio aut voluptatem architecto.', 45, 27, '2020-02-27 16:07:24', '2020-02-27 16:07:24'),
(783, 'Perspiciatis qui natus tenetur eaque dolor voluptatum. Voluptatem atque dolores reprehenderit vel doloribus laudantium nihil.', 66, 11, '2020-02-27 16:07:24', '2020-02-27 16:07:24'),
(784, 'Tenetur et quis alias vero aperiam reprehenderit dolorem. Commodi vero eius doloremque.', 128, 16, '2020-02-27 16:07:24', '2020-02-27 16:07:24'),
(785, 'Recusandae omnis tenetur sunt itaque officiis quos rem.', 124, 14, '2020-02-27 16:07:24', '2020-02-27 16:07:24'),
(786, 'Aut quod velit maxime et.', 105, 46, '2020-02-27 16:07:24', '2020-02-27 16:07:24'),
(787, 'Dolore placeat vero quia repudiandae earum est occaecati.', 92, 18, '2020-02-27 16:07:24', '2020-02-27 16:07:24'),
(788, 'Qui sunt earum voluptatem accusantium assumenda iste. Porro provident quis molestiae et est.', 140, 44, '2020-02-27 16:07:24', '2020-02-27 16:07:24'),
(789, 'Corporis rerum in voluptatibus aperiam aut. Voluptas est vel labore atque excepturi libero.', 141, 41, '2020-02-27 16:07:24', '2020-02-27 16:07:24'),
(790, 'Quam consequatur sequi nostrum sed quo. Est repudiandae dolores maxime ad.', 77, 32, '2020-02-27 16:07:24', '2020-02-27 16:07:24'),
(791, 'Odit beatae est sed nostrum.', 179, 5, '2020-02-27 16:07:24', '2020-02-27 16:07:24'),
(792, 'Dolore provident debitis autem voluptas reiciendis minus dicta.', 187, 22, '2020-02-27 16:07:24', '2020-02-27 16:07:24'),
(793, 'Impedit quo ut animi ea molestiae aut.', 123, 5, '2020-02-27 16:07:24', '2020-02-27 16:07:24'),
(794, 'Deserunt voluptatem amet dolorem rem asperiores.', 169, 43, '2020-02-27 16:07:24', '2020-02-27 16:07:24'),
(795, 'Laborum fugiat amet assumenda recusandae quis esse porro voluptatum. Velit eos modi ullam quia illum perferendis.', 32, 42, '2020-02-27 16:07:24', '2020-02-27 16:07:24'),
(796, 'Sapiente nihil totam ad et.', 166, 39, '2020-02-27 16:07:24', '2020-02-27 16:07:24'),
(797, 'Velit qui itaque ut modi sunt sed molestias.', 82, 36, '2020-02-27 16:07:24', '2020-02-27 16:07:24'),
(798, 'Sapiente sit et iure et omnis. Officia qui adipisci minus minima consequatur iure numquam.', 188, 34, '2020-02-27 16:07:24', '2020-02-27 16:07:24'),
(799, 'Ullam explicabo eum hic odio dolor rerum eligendi.', 53, 2, '2020-02-27 16:07:24', '2020-02-27 16:07:24'),
(800, 'Quibusdam omnis eum doloremque omnis voluptates totam.', 71, 24, '2020-02-27 16:07:25', '2020-02-27 16:07:25'),
(801, 'Vero eaque voluptatem voluptatibus fugit. Deleniti id ipsam ducimus dolor dignissimos.', 68, 41, '2020-02-27 16:07:25', '2020-02-27 16:07:25'),
(802, 'Aut dolore ea eum adipisci ducimus aut incidunt earum. Fugiat quisquam fugiat voluptas voluptas placeat quaerat dicta.', 134, 14, '2020-02-27 16:07:25', '2020-02-27 16:07:25'),
(803, 'Quas qui veniam magni nisi.', 198, 42, '2020-02-27 16:07:25', '2020-02-27 16:07:25'),
(804, 'Quo aliquam aut occaecati iure id officia pariatur nulla.', 186, 28, '2020-02-27 16:07:25', '2020-02-27 16:07:25'),
(805, 'Facilis perspiciatis ullam nihil consectetur. Quia voluptatibus ut perspiciatis.', 165, 48, '2020-02-27 16:07:25', '2020-02-27 16:07:25'),
(806, 'Et voluptates dolor qui maiores consequatur ad officia. Quae quasi ut sit eaque ea dolores.', 190, 35, '2020-02-27 16:07:25', '2020-02-27 16:07:25'),
(807, 'Reiciendis qui reprehenderit asperiores asperiores sit laboriosam omnis.', 185, 2, '2020-02-27 16:07:25', '2020-02-27 16:07:25'),
(808, 'In distinctio sunt impedit cum maiores autem. Ut animi consequuntur omnis incidunt quia rem sint.', 167, 13, '2020-02-27 16:07:25', '2020-02-27 16:07:25'),
(809, 'Eveniet ut cum ut earum non placeat nemo optio.', 194, 2, '2020-02-27 16:07:25', '2020-02-27 16:07:25'),
(810, 'Vel et aliquam quae quos voluptas. Quae quos debitis eaque nisi.', 10, 7, '2020-02-27 16:07:25', '2020-02-27 16:07:25'),
(811, 'Pariatur consequuntur in quia aperiam neque vero excepturi.', 39, 29, '2020-02-27 16:07:25', '2020-02-27 16:07:25'),
(812, 'Quis iusto optio eligendi repellendus et tempore fugit.', 74, 10, '2020-02-27 16:07:25', '2020-02-27 16:07:25'),
(813, 'Reiciendis nulla est et qui hic eligendi ea.', 196, 26, '2020-02-27 16:07:25', '2020-02-27 16:07:25'),
(814, 'Assumenda ipsa architecto mollitia in quisquam.', 38, 34, '2020-02-27 16:07:25', '2020-02-27 16:07:25'),
(815, 'Omnis libero magni asperiores quia quod qui quam.', 66, 12, '2020-02-27 16:07:25', '2020-02-27 16:07:25'),
(816, 'Eum quia delectus porro non velit accusamus.', 199, 5, '2020-02-27 16:07:25', '2020-02-27 16:07:25'),
(817, 'Dolor neque ut rerum ipsa quisquam voluptatum. Quis omnis vel aspernatur exercitationem et temporibus recusandae.', 94, 17, '2020-02-27 16:07:25', '2020-02-27 16:07:25'),
(818, 'Facere hic eligendi quod praesentium. Est optio exercitationem deserunt et veniam.', 152, 4, '2020-02-27 16:07:25', '2020-02-27 16:07:25'),
(819, 'Temporibus provident aut voluptatem ipsum iste sequi. Nam sed pariatur excepturi earum libero est.', 35, 4, '2020-02-27 16:07:25', '2020-02-27 16:07:25'),
(820, 'Est omnis aut suscipit.', 88, 44, '2020-02-27 16:07:25', '2020-02-27 16:07:25'),
(821, 'Et aliquid facilis iste sit omnis. Temporibus possimus molestiae rerum qui.', 151, 49, '2020-02-27 16:07:25', '2020-02-27 16:07:25'),
(822, 'Aut aut aperiam temporibus fuga ad atque. Ut non vitae hic aut facilis nulla dolores.', 139, 10, '2020-02-27 16:07:25', '2020-02-27 16:07:25'),
(823, 'In delectus molestiae quos nihil labore.', 175, 38, '2020-02-27 16:07:26', '2020-02-27 16:07:26'),
(824, 'Enim sit qui natus.', 107, 49, '2020-02-27 16:07:26', '2020-02-27 16:07:26'),
(825, 'Suscipit officia et doloribus incidunt sunt rerum. Et perspiciatis dolores ad animi itaque autem quibusdam.', 10, 43, '2020-02-27 16:07:26', '2020-02-27 16:07:26'),
(826, 'Aut sit nobis ex repudiandae praesentium iste. Dolor repudiandae nulla laudantium fugiat enim qui voluptatem.', 172, 12, '2020-02-27 16:07:26', '2020-02-27 16:07:26'),
(827, 'Consequatur ea nesciunt est consequatur ab dolorem.', 178, 43, '2020-02-27 16:07:26', '2020-02-27 16:07:26'),
(828, 'Natus officia possimus et earum eum. Doloribus exercitationem voluptas qui voluptates esse.', 94, 32, '2020-02-27 16:07:26', '2020-02-27 16:07:26'),
(829, 'Est neque officia voluptates velit ipsam officia harum numquam.', 85, 44, '2020-02-27 16:07:26', '2020-02-27 16:07:26'),
(830, 'Et ab culpa molestiae est qui sint.', 101, 7, '2020-02-27 16:07:26', '2020-02-27 16:07:26'),
(831, 'Id modi adipisci eum libero rerum minima recusandae.', 165, 11, '2020-02-27 16:07:26', '2020-02-27 16:07:26'),
(832, 'Quae quas veritatis tempore vitae aperiam repellat quas. Nobis omnis porro qui architecto nemo.', 89, 20, '2020-02-27 16:07:26', '2020-02-27 16:07:26'),
(833, 'Qui molestiae quia nesciunt voluptatum.', 161, 38, '2020-02-27 16:07:26', '2020-02-27 16:07:26'),
(834, 'Facere amet consequatur sed atque.', 149, 20, '2020-02-27 16:07:26', '2020-02-27 16:07:26'),
(835, 'Autem occaecati blanditiis ea aspernatur. Enim non cupiditate aut vel unde numquam.', 150, 11, '2020-02-27 16:07:26', '2020-02-27 16:07:26'),
(836, 'Sunt fuga dolore natus delectus voluptas.', 190, 8, '2020-02-27 16:07:26', '2020-02-27 16:07:26'),
(837, 'Pariatur voluptate labore non provident delectus dolor.', 199, 29, '2020-02-27 16:07:26', '2020-02-27 16:07:26'),
(838, 'Sit quibusdam placeat quia sit et.', 182, 34, '2020-02-27 16:07:26', '2020-02-27 16:07:26'),
(839, 'Vel rerum eveniet blanditiis sunt non.', 55, 38, '2020-02-27 16:07:26', '2020-02-27 16:07:26'),
(840, 'Magni id adipisci id placeat.', 34, 40, '2020-02-27 16:07:26', '2020-02-27 16:07:26'),
(841, 'Dignissimos maxime animi excepturi et sit et veniam.', 9, 16, '2020-02-27 16:07:26', '2020-02-27 16:07:26'),
(842, 'Consectetur quam nihil voluptatem et at ea enim voluptas. Id dolore voluptatibus natus nesciunt quidem officiis quia.', 92, 45, '2020-02-27 16:07:26', '2020-02-27 16:07:26'),
(843, 'Excepturi nisi dicta facere enim.', 56, 44, '2020-02-27 16:07:26', '2020-02-27 16:07:26'),
(844, 'Est minima ea ipsa qui.', 130, 48, '2020-02-27 16:07:26', '2020-02-27 16:07:26'),
(845, 'Quod est ut nam perferendis praesentium nesciunt qui provident.', 152, 21, '2020-02-27 16:07:26', '2020-02-27 16:07:26'),
(846, 'Dolorum et aut asperiores in iusto et. Facere nisi omnis dolorum repudiandae velit.', 39, 24, '2020-02-27 16:07:26', '2020-02-27 16:07:26'),
(847, 'Sunt nulla aperiam blanditiis ab occaecati.', 39, 7, '2020-02-27 16:07:26', '2020-02-27 16:07:26'),
(848, 'Laboriosam itaque fugiat laborum quis alias inventore. Illum est ut earum id.', 176, 18, '2020-02-27 16:07:26', '2020-02-27 16:07:26'),
(849, 'Facilis ut iure maxime vel ipsa.', 119, 2, '2020-02-27 16:07:27', '2020-02-27 16:07:27'),
(850, 'Ipsam placeat nesciunt quis quae voluptatem. Id et rerum et nam velit molestiae quis et.', 155, 26, '2020-02-27 16:07:27', '2020-02-27 16:07:27'),
(851, 'Minus placeat voluptate aut sunt sunt nemo.', 37, 43, '2020-02-27 16:07:27', '2020-02-27 16:07:27'),
(852, 'Sunt voluptate dignissimos ab.', 70, 35, '2020-02-27 16:07:27', '2020-02-27 16:07:27'),
(853, 'Dolore aspernatur dolores doloribus aperiam reprehenderit. Numquam labore sed aspernatur sunt accusantium commodi.', 157, 43, '2020-02-27 16:07:27', '2020-02-27 16:07:27'),
(854, 'Qui qui dolorem eos aut ipsum. Provident excepturi accusantium ratione officiis occaecati.', 46, 39, '2020-02-27 16:07:27', '2020-02-27 16:07:27'),
(855, 'Quisquam doloremque facere ea voluptate voluptates fugiat dolor. Sequi sequi ab iusto in velit quo praesentium ut.', 84, 26, '2020-02-27 16:07:27', '2020-02-27 16:07:27'),
(856, 'Et nemo et exercitationem nihil voluptatem in. Nihil quaerat rerum voluptate sint.', 183, 48, '2020-02-27 16:07:27', '2020-02-27 16:07:27'),
(857, 'Qui et in sit est in optio et.', 188, 23, '2020-02-27 16:07:27', '2020-02-27 16:07:27'),
(858, 'Labore quidem iste labore tempora nulla consequatur recusandae. Repudiandae doloremque omnis iste non sit.', 49, 37, '2020-02-27 16:07:27', '2020-02-27 16:07:27'),
(859, 'Dolores in accusamus doloremque saepe. Aperiam unde sunt nisi voluptatem.', 33, 42, '2020-02-27 16:07:27', '2020-02-27 16:07:27'),
(860, 'Illum mollitia necessitatibus omnis mollitia aut est sunt voluptas. Qui quos quia possimus veritatis illum eveniet.', 143, 16, '2020-02-27 16:07:27', '2020-02-27 16:07:27'),
(861, 'Facilis officiis enim repellat fugiat aut beatae.', 138, 35, '2020-02-27 16:07:27', '2020-02-27 16:07:27'),
(862, 'Delectus rerum excepturi odit ut illum.', 132, 44, '2020-02-27 16:07:27', '2020-02-27 16:07:27'),
(863, 'Doloremque minus nisi impedit placeat sunt autem enim velit. Ut dolor consectetur architecto odit.', 107, 2, '2020-02-27 16:07:27', '2020-02-27 16:07:27'),
(864, 'Sit veniam recusandae at quaerat. Qui praesentium cupiditate totam ea est.', 12, 44, '2020-02-27 16:07:27', '2020-02-27 16:07:27'),
(865, 'Architecto nobis aspernatur possimus mollitia vel sit in.', 29, 45, '2020-02-27 16:07:27', '2020-02-27 16:07:27'),
(866, 'Necessitatibus sequi voluptas nam laboriosam quibusdam earum.', 133, 48, '2020-02-27 16:07:27', '2020-02-27 16:07:27'),
(867, 'Est totam et nemo sequi. Dolor at dolores deleniti veniam itaque eius et.', 148, 24, '2020-02-27 16:07:27', '2020-02-27 16:07:27'),
(868, 'Sint facilis consectetur iusto sint omnis fugit deleniti ut. Voluptate rerum in iusto non qui aut sunt reiciendis.', 170, 19, '2020-02-27 16:07:27', '2020-02-27 16:07:27'),
(869, 'Impedit aut debitis qui dolores deserunt accusamus.', 98, 7, '2020-02-27 16:07:27', '2020-02-27 16:07:27'),
(870, 'Officia eum non magni cumque minima temporibus. Reprehenderit est mollitia quos eum impedit.', 121, 40, '2020-02-27 16:07:27', '2020-02-27 16:07:27'),
(871, 'Earum itaque ut dolorum ipsa est.', 185, 26, '2020-02-27 16:07:27', '2020-02-27 16:07:27'),
(872, 'Dolorem quo ut ab iste.', 138, 3, '2020-02-27 16:07:27', '2020-02-27 16:07:27'),
(873, 'Maiores libero voluptatem voluptatem illo tempore qui aliquid. Sapiente ut repudiandae rerum qui in.', 58, 47, '2020-02-27 16:07:27', '2020-02-27 16:07:27'),
(874, 'Dolor sit fuga similique incidunt cumque exercitationem ut aut.', 98, 4, '2020-02-27 16:07:28', '2020-02-27 16:07:28'),
(875, 'Quidem similique nostrum aut sequi voluptatem repellat.', 150, 39, '2020-02-27 16:07:28', '2020-02-27 16:07:28'),
(876, 'Quasi inventore ipsa molestias iste adipisci deserunt dolores.', 144, 4, '2020-02-27 16:07:28', '2020-02-27 16:07:28'),
(877, 'Sapiente veniam dolorum sit itaque.', 64, 35, '2020-02-27 16:07:28', '2020-02-27 16:07:28'),
(878, 'Voluptas aut delectus nisi est doloribus repellat.', 159, 35, '2020-02-27 16:07:28', '2020-02-27 16:07:28'),
(879, 'Ut quia quae natus tempora fuga. Id eum ipsum minima et quia fuga.', 19, 6, '2020-02-27 16:07:28', '2020-02-27 16:07:28'),
(880, 'Modi possimus dolores non dignissimos sint ad aliquam. Et qui dolorem laudantium esse delectus hic dolorum labore.', 31, 9, '2020-02-27 16:07:28', '2020-02-27 16:07:28'),
(881, 'Iste voluptatem rem dicta ratione.', 155, 4, '2020-02-27 16:07:28', '2020-02-27 16:07:28'),
(882, 'Voluptatem odio porro esse maiores.', 137, 20, '2020-02-27 16:07:28', '2020-02-27 16:07:28'),
(883, 'Et consequatur cumque ratione et rerum quo nesciunt.', 77, 24, '2020-02-27 16:07:28', '2020-02-27 16:07:28'),
(884, 'Perferendis quis in facere velit id.', 25, 15, '2020-02-27 16:07:28', '2020-02-27 16:07:28'),
(885, 'Dolores praesentium cum vel quis dolores sit non odio.', 142, 35, '2020-02-27 16:07:28', '2020-02-27 16:07:28'),
(886, 'Veniam molestias exercitationem id expedita.', 33, 6, '2020-02-27 16:07:28', '2020-02-27 16:07:28'),
(887, 'Sed deleniti est iure asperiores consequatur alias.', 123, 10, '2020-02-27 16:07:28', '2020-02-27 16:07:28'),
(888, 'Rerum omnis iusto dolor ipsum. Magnam voluptas delectus dolore qui.', 161, 11, '2020-02-27 16:07:28', '2020-02-27 16:07:28'),
(889, 'Maiores mollitia fugiat ex aut perferendis. Quos eligendi autem quo ut deserunt.', 3, 7, '2020-02-27 16:07:28', '2020-02-27 16:07:28'),
(890, 'Maiores fugiat sed error. Aut id beatae quia deserunt voluptas possimus.', 82, 47, '2020-02-27 16:07:28', '2020-02-27 16:07:28'),
(891, 'Consequatur quo minima ea similique temporibus vel. Non iure voluptas velit possimus quam delectus ducimus eos.', 104, 43, '2020-02-27 16:07:28', '2020-02-27 16:07:28'),
(892, 'Ea magnam illum ab aliquid voluptas ut. Voluptas ea dolorem itaque ex porro.', 170, 10, '2020-02-27 16:07:28', '2020-02-27 16:07:28'),
(893, 'Tenetur vel eveniet nemo modi. Asperiores quos sunt est omnis reprehenderit aspernatur a.', 80, 20, '2020-02-27 16:07:28', '2020-02-27 16:07:28'),
(894, 'Perferendis in tempora officiis sint incidunt. Expedita vitae beatae perferendis itaque aut.', 151, 27, '2020-02-27 16:07:28', '2020-02-27 16:07:28'),
(895, 'Ut provident consequatur minima. Quia quisquam explicabo quibusdam itaque adipisci qui distinctio.', 173, 36, '2020-02-27 16:07:28', '2020-02-27 16:07:28'),
(896, 'Et corporis omnis dolores officiis voluptatem tempore eveniet nam. Ea explicabo facere repellat quia necessitatibus qui.', 42, 7, '2020-02-27 16:07:28', '2020-02-27 16:07:28'),
(897, 'Quia nihil doloremque quo quisquam laborum architecto.', 55, 15, '2020-02-27 16:07:28', '2020-02-27 16:07:28'),
(898, 'Voluptatem error illum ipsum ut saepe. Beatae vitae perferendis delectus debitis autem ipsam.', 122, 26, '2020-02-27 16:07:28', '2020-02-27 16:07:28'),
(899, 'Sed dolorem maiores magni quia illo.', 128, 24, '2020-02-27 16:07:28', '2020-02-27 16:07:28'),
(900, 'Quo quas laudantium consequatur pariatur facilis ratione. Vel quo ut sit velit.', 68, 8, '2020-02-27 16:07:29', '2020-02-27 16:07:29'),
(901, 'Quisquam consequatur consequuntur voluptates ducimus cupiditate ipsum. Assumenda adipisci quaerat consectetur vel sint quidem aut.', 26, 3, '2020-02-27 16:07:29', '2020-02-27 16:07:29'),
(902, 'Tempore et quia iste voluptatibus.', 23, 22, '2020-02-27 16:07:29', '2020-02-27 16:07:29'),
(903, 'Odit recusandae eligendi quas deleniti ducimus quaerat. Velit consectetur praesentium animi similique quisquam qui aliquid.', 199, 30, '2020-02-27 16:07:29', '2020-02-27 16:07:29'),
(904, 'Molestiae facere quia omnis et laudantium aliquid aliquam optio. Saepe tempora optio aut repellat quod aut necessitatibus.', 97, 30, '2020-02-27 16:07:29', '2020-02-27 16:07:29'),
(905, 'Quo quaerat voluptates minus reprehenderit. Sed sint quibusdam nulla consequatur magni soluta.', 54, 6, '2020-02-27 16:07:29', '2020-02-27 16:07:29'),
(906, 'Sequi cupiditate repellendus repellat ratione quae magnam ea. Ea expedita non necessitatibus.', 48, 6, '2020-02-27 16:07:29', '2020-02-27 16:07:29'),
(907, 'Ut rem a nihil perferendis est sequi.', 169, 22, '2020-02-27 16:07:29', '2020-02-27 16:07:29'),
(908, 'Dolor consequuntur reprehenderit impedit non officia quia voluptatem. Esse facilis occaecati dolor praesentium neque quis.', 172, 6, '2020-02-27 16:07:29', '2020-02-27 16:07:29'),
(909, 'Aut hic quis porro quod. Omnis cum necessitatibus consequatur.', 96, 15, '2020-02-27 16:07:29', '2020-02-27 16:07:29'),
(910, 'Est ut commodi et sapiente. Modi quasi rerum vel dolores harum.', 99, 36, '2020-02-27 16:07:29', '2020-02-27 16:07:29'),
(911, 'Culpa amet ipsa rerum.', 26, 42, '2020-02-27 16:07:29', '2020-02-27 16:07:29'),
(912, 'Id aut harum magnam neque enim. Ut rerum deleniti quidem quam dolores.', 54, 3, '2020-02-27 16:07:29', '2020-02-27 16:07:29'),
(913, 'Aut quidem distinctio sunt tempora ratione et. Neque et aut ea dolorem numquam animi.', 122, 49, '2020-02-27 16:07:29', '2020-02-27 16:07:29'),
(914, 'Ad ducimus commodi et possimus. Voluptatem exercitationem nesciunt illum et unde.', 160, 49, '2020-02-27 16:07:29', '2020-02-27 16:07:29'),
(915, 'Quas deleniti non odio aliquam nulla. Nisi quae impedit pariatur aut et repellendus.', 42, 45, '2020-02-27 16:07:29', '2020-02-27 16:07:29'),
(916, 'Porro perspiciatis ad amet et facilis quis soluta. Nulla ipsam explicabo eius quasi et voluptas.', 197, 41, '2020-02-27 16:07:29', '2020-02-27 16:07:29'),
(917, 'Earum ut autem recusandae ullam quae et. Rerum aut et sit voluptas incidunt sequi impedit error.', 36, 35, '2020-02-27 16:07:29', '2020-02-27 16:07:29'),
(918, 'Voluptatem rerum quia ea pariatur quidem expedita amet.', 3, 47, '2020-02-27 16:07:29', '2020-02-27 16:07:29'),
(919, 'Quam ipsum temporibus saepe quo consequatur. Esse explicabo nesciunt iure maxime cum.', 76, 48, '2020-02-27 16:07:29', '2020-02-27 16:07:29'),
(920, 'Deleniti quod et earum itaque velit nisi incidunt. Tempore earum et earum repudiandae earum iste voluptatem.', 61, 17, '2020-02-27 16:07:29', '2020-02-27 16:07:29'),
(921, 'Possimus commodi vitae natus illo debitis. Aliquam nulla quod et eaque.', 24, 41, '2020-02-27 16:07:29', '2020-02-27 16:07:29'),
(922, 'Sit pariatur odit alias perferendis fugiat.', 194, 18, '2020-02-27 16:07:29', '2020-02-27 16:07:29'),
(923, 'Reprehenderit odio in nesciunt est impedit voluptatem non.', 163, 38, '2020-02-27 16:07:29', '2020-02-27 16:07:29'),
(924, 'Omnis repellat et eos recusandae maxime. Blanditiis debitis omnis accusantium veritatis eos eos voluptatem qui.', 129, 28, '2020-02-27 16:07:29', '2020-02-27 16:07:29'),
(925, 'Architecto sed corporis voluptates et laudantium harum qui. Eum ipsum qui qui debitis dolores dolor quo amet.', 26, 6, '2020-02-27 16:07:29', '2020-02-27 16:07:29'),
(926, 'Sit accusantium eum quis qui fugit laborum tenetur.', 119, 26, '2020-02-27 16:07:30', '2020-02-27 16:07:30'),
(927, 'Iure rerum labore debitis dignissimos officia laboriosam. Quos natus impedit temporibus.', 166, 34, '2020-02-27 16:07:30', '2020-02-27 16:07:30'),
(928, 'Architecto quaerat facere voluptatem ea magnam.', 98, 25, '2020-02-27 16:07:30', '2020-02-27 16:07:30'),
(929, 'Repellendus qui iure aperiam reprehenderit. Consectetur aut quam aliquid at.', 73, 25, '2020-02-27 16:07:30', '2020-02-27 16:07:30'),
(930, 'Fugiat provident omnis maiores. Laudantium enim veritatis molestiae sed ipsam in voluptas.', 174, 30, '2020-02-27 16:07:30', '2020-02-27 16:07:30'),
(931, 'Perspiciatis assumenda minus labore est. Ratione excepturi repellendus eaque commodi repudiandae odit suscipit fuga.', 124, 2, '2020-02-27 16:07:30', '2020-02-27 16:07:30'),
(932, 'Aliquam dignissimos distinctio facere optio.', 39, 45, '2020-02-27 16:07:30', '2020-02-27 16:07:30'),
(933, 'Perferendis voluptatem occaecati quod.', 64, 41, '2020-02-27 16:07:30', '2020-02-27 16:07:30'),
(934, 'Rerum recusandae vitae harum est. Quo asperiores et aliquid eos dolorem perferendis ullam.', 21, 40, '2020-02-27 16:07:30', '2020-02-27 16:07:30'),
(935, 'Eum asperiores non culpa id impedit provident soluta. Accusamus odit rerum sit exercitationem voluptas ut commodi qui.', 130, 37, '2020-02-27 16:07:30', '2020-02-27 16:07:30'),
(936, 'Consequatur et et est est perspiciatis aut officia qui.', 155, 39, '2020-02-27 16:07:30', '2020-02-27 16:07:30'),
(937, 'Libero aut et similique laudantium sed est vel.', 115, 34, '2020-02-27 16:07:30', '2020-02-27 16:07:30'),
(938, 'Dolor ea eaque sit et quod.', 174, 31, '2020-02-27 16:07:30', '2020-02-27 16:07:30'),
(939, 'Voluptatem saepe soluta vitae aut vel. Enim voluptas non et eum.', 174, 19, '2020-02-27 16:07:30', '2020-02-27 16:07:30'),
(940, 'Consequatur eum et est commodi qui est.', 19, 39, '2020-02-27 16:07:30', '2020-02-27 16:07:30'),
(941, 'Dolor ut sit natus vitae.', 91, 38, '2020-02-27 16:07:30', '2020-02-27 16:07:30'),
(942, 'Distinctio consequatur omnis dolore amet odit consequatur nobis.', 35, 5, '2020-02-27 16:07:30', '2020-02-27 16:07:30'),
(943, 'Et accusamus sit ad. Id doloribus velit non ipsam delectus.', 22, 9, '2020-02-27 16:07:30', '2020-02-27 16:07:30'),
(944, 'Autem enim reprehenderit et qui enim in accusantium accusantium.', 36, 12, '2020-02-27 16:07:30', '2020-02-27 16:07:30'),
(945, 'Est omnis veniam minima est eos neque.', 17, 43, '2020-02-27 16:07:30', '2020-02-27 16:07:30'),
(946, 'Non voluptas qui quis voluptatem consequatur explicabo enim.', 63, 8, '2020-02-27 16:07:30', '2020-02-27 16:07:30'),
(947, 'Fugit enim error commodi quasi.', 31, 23, '2020-02-27 16:07:30', '2020-02-27 16:07:30'),
(948, 'Non tenetur illo voluptatum iure odio. Quod omnis qui doloremque et fugit.', 54, 10, '2020-02-27 16:07:30', '2020-02-27 16:07:30'),
(949, 'Animi dicta quae ex explicabo. Labore ea eaque rerum.', 26, 41, '2020-02-27 16:07:31', '2020-02-27 16:07:31'),
(950, 'Nam distinctio et eveniet ducimus. Libero esse voluptatem perspiciatis sed asperiores totam modi voluptas.', 152, 1, '2020-02-27 16:07:31', '2020-02-27 16:07:31'),
(951, 'Neque in inventore recusandae incidunt aut ut reprehenderit sint.', 48, 15, '2020-02-27 16:07:31', '2020-02-27 16:07:31'),
(952, 'Doloremque assumenda officia iste exercitationem. Facere sint sequi tempora inventore.', 137, 1, '2020-02-27 16:07:31', '2020-02-27 16:07:31'),
(953, 'Id architecto suscipit omnis assumenda consectetur. Eveniet saepe rerum et excepturi.', 49, 18, '2020-02-27 16:07:31', '2020-02-27 16:07:31'),
(954, 'Laudantium nemo ullam ut et. Dolorum iste eum dolorem ducimus voluptatem.', 28, 33, '2020-02-27 16:07:31', '2020-02-27 16:07:31'),
(955, 'Qui maxime qui molestias architecto sit assumenda. Nihil est voluptatem odio omnis praesentium.', 133, 49, '2020-02-27 16:07:31', '2020-02-27 16:07:31'),
(956, 'Sed distinctio provident voluptas nihil rem quasi.', 180, 12, '2020-02-27 16:07:31', '2020-02-27 16:07:31'),
(957, 'Temporibus accusantium nisi et dolorem odio non rerum.', 135, 9, '2020-02-27 16:07:31', '2020-02-27 16:07:31'),
(958, 'Qui et est est.', 76, 42, '2020-02-27 16:07:31', '2020-02-27 16:07:31'),
(959, 'Voluptate sed quo impedit officia qui. Recusandae nesciunt odio qui magni.', 159, 24, '2020-02-27 16:07:31', '2020-02-27 16:07:31'),
(960, 'Beatae dolorem nulla ullam rerum et.', 174, 41, '2020-02-27 16:07:31', '2020-02-27 16:07:31'),
(961, 'Aspernatur et porro qui vel corrupti quo accusantium magni. Alias et consequatur consequatur omnis accusamus.', 110, 46, '2020-02-27 16:07:31', '2020-02-27 16:07:31'),
(962, 'Voluptates voluptatem rerum ut illo voluptates libero.', 20, 30, '2020-02-27 16:07:31', '2020-02-27 16:07:31'),
(963, 'Architecto facilis suscipit cupiditate ex cupiditate non commodi. Quam nisi rerum nemo et numquam qui mollitia.', 77, 45, '2020-02-27 16:07:31', '2020-02-27 16:07:31'),
(964, 'Autem harum officia natus et. Ex commodi doloribus maiores vero.', 133, 28, '2020-02-27 16:07:31', '2020-02-27 16:07:31'),
(965, 'Ut deserunt error a voluptates aut. Rerum nihil aut est excepturi ea.', 148, 9, '2020-02-27 16:07:31', '2020-02-27 16:07:31'),
(966, 'Voluptate officiis sunt tempora molestias pariatur ea sunt.', 8, 25, '2020-02-27 16:07:31', '2020-02-27 16:07:31'),
(967, 'Voluptatem unde omnis commodi perferendis excepturi. Officiis corrupti sit quam qui ipsa eum.', 108, 38, '2020-02-27 16:07:31', '2020-02-27 16:07:31'),
(968, 'Saepe temporibus quam mollitia nostrum asperiores et doloribus dolores.', 151, 50, '2020-02-27 16:07:31', '2020-02-27 16:07:31'),
(969, 'Aut et autem aut ullam.', 67, 36, '2020-02-27 16:07:31', '2020-02-27 16:07:31'),
(970, 'Qui maxime blanditiis iusto incidunt dolores.', 133, 3, '2020-02-27 16:07:31', '2020-02-27 16:07:31'),
(971, 'Necessitatibus in et nulla qui ipsam. Autem est exercitationem asperiores quasi et laudantium vero.', 45, 19, '2020-02-27 16:07:31', '2020-02-27 16:07:31'),
(972, 'Dolor sed repellat esse. Officia quo rerum ipsam unde ut dolor.', 19, 2, '2020-02-27 16:07:31', '2020-02-27 16:07:31'),
(973, 'Temporibus nisi accusantium dolor repellat iure sed et.', 95, 40, '2020-02-27 16:07:31', '2020-02-27 16:07:31'),
(974, 'Qui autem saepe consequatur.', 161, 9, '2020-02-27 16:07:31', '2020-02-27 16:07:31'),
(975, 'Magni adipisci labore et debitis aut et sed. Odit in aut et reiciendis.', 22, 6, '2020-02-27 16:07:31', '2020-02-27 16:07:31'),
(976, 'Ut at aut tenetur quo expedita quaerat.', 139, 2, '2020-02-27 16:07:32', '2020-02-27 16:07:32'),
(977, 'Temporibus natus fugiat facilis.', 147, 34, '2020-02-27 16:07:32', '2020-02-27 16:07:32'),
(978, 'Corrupti corporis occaecati quia dolores quia porro harum.', 59, 23, '2020-02-27 16:07:32', '2020-02-27 16:07:32'),
(979, 'Eligendi facere consectetur illum modi nisi.', 26, 36, '2020-02-27 16:07:32', '2020-02-27 16:07:32'),
(980, 'Eius sunt possimus expedita eveniet voluptatem dolorem iste.', 166, 40, '2020-02-27 16:07:32', '2020-02-27 16:07:32'),
(981, 'Necessitatibus hic cupiditate quibusdam tempore suscipit voluptatem.', 162, 42, '2020-02-27 16:07:32', '2020-02-27 16:07:32'),
(982, 'Maiores dolorem rerum sapiente aspernatur voluptatem ad.', 57, 4, '2020-02-27 16:07:32', '2020-02-27 16:07:32'),
(983, 'Omnis adipisci ea occaecati ut qui distinctio.', 123, 10, '2020-02-27 16:07:32', '2020-02-27 16:07:32'),
(984, 'Quaerat facilis sint aut dolore nesciunt ut animi. Dolor sapiente praesentium debitis omnis.', 17, 43, '2020-02-27 16:07:32', '2020-02-27 16:07:32'),
(985, 'Magni enim et itaque similique sit et quia. Quas in vel omnis doloribus.', 182, 9, '2020-02-27 16:07:32', '2020-02-27 16:07:32'),
(986, 'Iste ex doloremque natus sint.', 45, 32, '2020-02-27 16:07:32', '2020-02-27 16:07:32'),
(987, 'Dolorem qui molestias laudantium doloribus quo aut.', 42, 7, '2020-02-27 16:07:32', '2020-02-27 16:07:32'),
(988, 'Eos velit repellendus est necessitatibus consequatur perferendis doloremque.', 51, 22, '2020-02-27 16:07:32', '2020-02-27 16:07:32'),
(989, 'Quia repellat consectetur nulla ex modi.', 111, 31, '2020-02-27 16:07:32', '2020-02-27 16:07:32'),
(990, 'A earum sequi officiis omnis fugiat et.', 126, 48, '2020-02-27 16:07:32', '2020-02-27 16:07:32'),
(991, 'Quibusdam eos et quod id dolore cum tenetur.', 184, 2, '2020-02-27 16:07:32', '2020-02-27 16:07:32'),
(992, 'Modi voluptas et sunt qui maxime quis. Quibusdam recusandae omnis rem earum qui doloremque.', 49, 10, '2020-02-27 16:07:32', '2020-02-27 16:07:32'),
(993, 'Rerum nihil nulla vitae quis occaecati.', 94, 11, '2020-02-27 16:07:32', '2020-02-27 16:07:32'),
(994, 'Et ullam odit vel quaerat facilis quas quasi.', 121, 2, '2020-02-27 16:07:32', '2020-02-27 16:07:32'),
(995, 'Perferendis neque odit saepe vero rerum exercitationem dolore.', 72, 27, '2020-02-27 16:07:32', '2020-02-27 16:07:32'),
(996, 'Distinctio iste velit soluta aut perspiciatis.', 72, 46, '2020-02-27 16:07:32', '2020-02-27 16:07:32'),
(997, 'Omnis quaerat velit ducimus qui error magnam.', 3, 30, '2020-02-27 16:07:32', '2020-02-27 16:07:32'),
(998, 'Ab porro sed suscipit qui.', 30, 26, '2020-02-27 16:07:32', '2020-02-27 16:07:32'),
(999, 'Sunt odit consequatur omnis enim. Voluptas repellat nisi voluptatem cum minus rerum qui.', 196, 10, '2020-02-27 16:07:32', '2020-02-27 16:07:32'),
(1000, 'Est eveniet molestiae rerum aspernatur maxime aut ea. Enim cum totam ea impedit qui exercitationem.', 49, 19, '2020-02-27 16:07:32', '2020-02-27 16:07:32'),
(1001, 'Voluptatem in veritatis debitis quia autem nostrum amet ipsa.', 13, 5, '2020-02-27 16:07:32', '2020-02-27 16:07:32'),
(1002, 'Ipsam distinctio adipisci explicabo.', 70, 7, '2020-02-27 16:07:33', '2020-02-27 16:07:33'),
(1003, 'Vitae architecto debitis non eius iusto voluptas veritatis.', 169, 31, '2020-02-27 16:07:33', '2020-02-27 16:07:33'),
(1004, 'Aut dignissimos fugiat pariatur itaque voluptatem. Aliquid nulla quas officia maiores porro.', 113, 38, '2020-02-27 16:07:33', '2020-02-27 16:07:33'),
(1005, 'Pariatur reprehenderit possimus ea voluptatem assumenda repellendus inventore.', 113, 5, '2020-02-27 16:07:33', '2020-02-27 16:07:33'),
(1006, 'Voluptatem expedita perspiciatis esse debitis reprehenderit eos. Consequatur nihil dolor quo ea.', 6, 35, '2020-02-27 16:07:33', '2020-02-27 16:07:33'),
(1007, 'Esse aut minima quia nulla libero placeat. Tempora sed ducimus quaerat sit deserunt non sed esse.', 93, 19, '2020-02-27 16:07:33', '2020-02-27 16:07:33'),
(1008, 'Et velit voluptas exercitationem odio deleniti.', 116, 34, '2020-02-27 16:07:33', '2020-02-27 16:07:33'),
(1009, 'Facere ut aut quia ut quia quia. Rerum minus odit expedita et non esse perferendis.', 38, 8, '2020-02-27 16:07:33', '2020-02-27 16:07:33'),
(1010, 'Eos cumque excepturi dolores aliquam dolorem. Aut at eos aliquam id perspiciatis quibusdam.', 192, 38, '2020-02-27 16:07:33', '2020-02-27 16:07:33'),
(1011, 'Sit saepe temporibus et sit maxime non ab. Sapiente eligendi consequuntur distinctio neque labore repellat.', 163, 6, '2020-02-27 16:07:33', '2020-02-27 16:07:33'),
(1012, 'Et neque animi sint non.', 188, 31, '2020-02-27 16:07:33', '2020-02-27 16:07:33'),
(1013, 'Velit temporibus amet aperiam atque odit nihil.', 139, 11, '2020-02-27 16:07:33', '2020-02-27 16:07:33'),
(1014, 'Officiis quasi dolor magnam labore.', 80, 43, '2020-02-27 16:07:33', '2020-02-27 16:07:33'),
(1015, 'Et blanditiis quia laborum eligendi.', 20, 30, '2020-02-27 16:07:33', '2020-02-27 16:07:33'),
(1016, 'Nostrum quia amet quia consequuntur non. Incidunt omnis porro commodi est ducimus voluptatum id.', 30, 17, '2020-02-27 16:07:33', '2020-02-27 16:07:33'),
(1017, 'Ex quos eum ea veritatis dolorem corporis dolor. Sint est dolorem tenetur aspernatur.', 117, 32, '2020-02-27 16:07:33', '2020-02-27 16:07:33'),
(1018, 'Assumenda at iure est aperiam.', 114, 47, '2020-02-27 16:07:33', '2020-02-27 16:07:33'),
(1019, 'Quia nisi sit eligendi et vitae. Omnis dolorum numquam architecto est blanditiis quae id.', 197, 1, '2020-02-27 16:07:33', '2020-02-27 16:07:33'),
(1020, 'Nulla quas ut id nihil et delectus explicabo.', 82, 29, '2020-02-27 16:07:33', '2020-02-27 16:07:33'),
(1021, 'Explicabo in quis saepe et quos. Sint consectetur eos quia ullam.', 155, 6, '2020-02-27 16:07:33', '2020-02-27 16:07:33'),
(1022, 'Placeat ab eveniet voluptatem iste asperiores quidem.', 6, 29, '2020-02-27 16:07:33', '2020-02-27 16:07:33'),
(1023, 'Itaque quia rerum hic magnam sint quos ipsa. Aut et accusantium facere excepturi corrupti adipisci quibusdam ut.', 50, 49, '2020-02-27 16:07:33', '2020-02-27 16:07:33'),
(1024, 'Totam rem exercitationem dolorem maiores fugit accusamus. Laboriosam saepe qui eum aspernatur dolorum.', 118, 17, '2020-02-27 16:07:33', '2020-02-27 16:07:33'),
(1025, 'Voluptates dignissimos voluptas qui est.', 105, 2, '2020-02-27 16:07:33', '2020-02-27 16:07:33'),
(1026, 'Velit quo et qui nostrum vel.', 31, 14, '2020-02-27 16:07:33', '2020-02-27 16:07:33'),
(1027, 'Expedita sed quos rerum vel inventore voluptas.', 46, 12, '2020-02-27 16:07:33', '2020-02-27 16:07:33'),
(1028, 'Quisquam debitis animi explicabo cum corporis iusto sit. Aliquam occaecati sed rerum reiciendis ut qui.', 175, 13, '2020-02-27 16:07:33', '2020-02-27 16:07:33'),
(1029, 'Et dolor id dignissimos sint inventore.', 68, 15, '2020-02-27 16:07:34', '2020-02-27 16:07:34'),
(1030, 'Officia ut culpa in quo qui.', 67, 49, '2020-02-27 16:07:34', '2020-02-27 16:07:34'),
(1031, 'Architecto voluptatibus cumque rerum quaerat est. Dolores impedit iusto quia pariatur in quae.', 90, 1, '2020-02-27 16:07:34', '2020-02-27 16:07:34'),
(1032, 'Debitis molestias aut tenetur.', 46, 50, '2020-02-27 16:07:34', '2020-02-27 16:07:34'),
(1033, 'Voluptatem dolor porro culpa qui unde delectus.', 125, 18, '2020-02-27 16:07:34', '2020-02-27 16:07:34'),
(1034, 'Totam iste voluptatibus illo culpa velit. Ea a aut et officiis placeat exercitationem sunt quas.', 109, 20, '2020-02-27 16:07:34', '2020-02-27 16:07:34'),
(1035, 'Dolor hic qui omnis sequi aut. Nihil voluptatem et labore.', 190, 6, '2020-02-27 16:07:34', '2020-02-27 16:07:34'),
(1036, 'Perferendis possimus ut unde quas optio. Ipsam voluptatem eaque ex nemo mollitia.', 5, 20, '2020-02-27 16:07:34', '2020-02-27 16:07:34'),
(1037, 'Perspiciatis voluptatem suscipit quisquam deserunt. Rerum repellat ut minus qui voluptatem.', 30, 42, '2020-02-27 16:07:34', '2020-02-27 16:07:34'),
(1038, 'Et aut vel aut quia.', 136, 16, '2020-02-27 16:07:34', '2020-02-27 16:07:34'),
(1039, 'Officia sunt reiciendis rem architecto.', 188, 8, '2020-02-27 16:07:34', '2020-02-27 16:07:34'),
(1040, 'Vel sint sunt necessitatibus incidunt officia dolor.', 41, 20, '2020-02-27 16:07:34', '2020-02-27 16:07:34'),
(1041, 'Sit totam sint illo. Praesentium impedit reprehenderit tempore et quam.', 6, 31, '2020-02-27 16:07:34', '2020-02-27 16:07:34'),
(1042, 'Voluptatem aliquam quia et. Earum aut quos fugit.', 146, 42, '2020-02-27 16:07:34', '2020-02-27 16:07:34'),
(1043, 'Hic assumenda amet tenetur quo voluptates nihil.', 6, 5, '2020-02-27 16:07:34', '2020-02-27 16:07:34'),
(1044, 'Minima sequi et facilis deserunt sed ducimus. Sed modi quia est velit.', 165, 35, '2020-02-27 16:07:34', '2020-02-27 16:07:34'),
(1045, 'Magnam sapiente voluptas consequatur rem ea.', 168, 20, '2020-02-27 16:07:34', '2020-02-27 16:07:34'),
(1046, 'Sint perferendis doloremque velit vel aliquid. Ducimus qui minus aspernatur est consequatur esse suscipit.', 153, 27, '2020-02-27 16:07:34', '2020-02-27 16:07:34'),
(1047, 'Sed laborum aut et rerum. Consequatur sed est perferendis.', 100, 22, '2020-02-27 16:07:34', '2020-02-27 16:07:34'),
(1048, 'Non adipisci provident voluptates porro natus. Est voluptates debitis dolorem sint quo consectetur beatae sed.', 152, 40, '2020-02-27 16:07:34', '2020-02-27 16:07:34'),
(1049, 'Et voluptatem reiciendis ratione incidunt. Commodi id qui rerum officia perspiciatis eum.', 142, 29, '2020-02-27 16:07:34', '2020-02-27 16:07:34'),
(1050, 'Qui ut nesciunt fuga et nam. Ad laudantium ab inventore.', 175, 24, '2020-02-27 16:07:34', '2020-02-27 16:07:34'),
(1051, 'Neque commodi voluptatem ut nihil iusto.', 189, 31, '2020-02-27 16:07:34', '2020-02-27 16:07:34'),
(1052, 'Porro expedita minus nisi provident voluptas quia ut ipsam.', 134, 28, '2020-02-27 16:07:34', '2020-02-27 16:07:34'),
(1053, 'Optio exercitationem explicabo eius atque placeat autem ea. Similique ut atque voluptas porro.', 76, 39, '2020-02-27 16:07:34', '2020-02-27 16:07:34'),
(1054, 'Veritatis accusamus eius adipisci illo sed repellendus. Ullam accusamus facilis ad ducimus iste in laboriosam asperiores. edit', 174, 26, '2020-02-27 16:07:34', '2020-02-27 16:18:43'),
(1055, 'Animi dolor et temporibus rerum error.', 123, 20, '2020-02-27 16:07:34', '2020-02-27 16:07:34'),
(1056, 'Dolorem ratione repellat dicta dicta quasi et eaque soluta.', 120, 25, '2020-02-27 16:07:35', '2020-02-27 16:07:35'),
(1057, 'Voluptate quae facere eveniet voluptatem recusandae.', 174, 12, '2020-02-27 16:07:35', '2020-02-27 16:07:35'),
(1058, 'Reiciendis dignissimos minima dolore sint accusantium provident aut.', 23, 36, '2020-02-27 16:07:35', '2020-02-27 16:07:35'),
(1059, 'Aliquam dolore ea id praesentium. Ut rerum sit rem itaque corrupti voluptas quibusdam cum.', 181, 21, '2020-02-27 16:07:35', '2020-02-27 16:07:35'),
(1060, 'Cumque qui alias atque placeat incidunt dolores. Qui qui dolorum labore sint.', 91, 7, '2020-02-27 16:07:35', '2020-02-27 16:07:35'),
(1061, 'Repellat eos iusto officiis aut. Et consectetur perspiciatis accusantium ea.', 122, 36, '2020-02-27 16:07:35', '2020-02-27 16:07:35'),
(1062, 'Enim praesentium rerum eos inventore quo deserunt quod possimus. Dolores quo nulla fugit deserunt veniam.', 168, 27, '2020-02-27 16:07:35', '2020-02-27 16:07:35'),
(1063, 'In quos aspernatur enim repellat. Veniam et doloribus autem eos vero earum ea.', 54, 48, '2020-02-27 16:07:35', '2020-02-27 16:07:35'),
(1064, 'Ex maxime id ullam ullam inventore autem impedit. Autem distinctio optio consectetur et et eum corporis.', 123, 4, '2020-02-27 16:07:35', '2020-02-27 16:07:35'),
(1065, 'Nihil et consequatur aut nisi. Dolorum iusto et numquam tenetur.', 127, 32, '2020-02-27 16:07:35', '2020-02-27 16:07:35'),
(1066, 'Tenetur doloremque dolores impedit ab sed quia.', 140, 8, '2020-02-27 16:07:35', '2020-02-27 16:07:35'),
(1067, 'Voluptas illum itaque laborum ratione qui. Est libero sit aliquam quasi.', 106, 34, '2020-02-27 16:07:35', '2020-02-27 16:07:35'),
(1068, 'Officia odit vero voluptatibus ab enim quia libero.', 112, 23, '2020-02-27 16:07:35', '2020-02-27 16:07:35'),
(1069, 'Odit animi maiores omnis fuga.', 138, 24, '2020-02-27 16:07:35', '2020-02-27 16:07:35'),
(1070, 'Sint consequatur inventore numquam. Minus sed laboriosam earum minima suscipit sed quisquam.', 52, 29, '2020-02-27 16:07:35', '2020-02-27 16:07:35'),
(1071, 'Culpa autem voluptatum maiores.', 61, 36, '2020-02-27 16:07:35', '2020-02-27 16:07:35'),
(1072, 'Modi animi sit iste aut rem et natus.', 154, 41, '2020-02-27 16:07:35', '2020-02-27 16:07:35'),
(1073, 'Vitae qui incidunt voluptatum dolores sequi. At ea odit beatae.', 149, 8, '2020-02-27 16:07:35', '2020-02-27 16:07:35'),
(1074, 'Neque assumenda aliquid iusto iusto error repudiandae. Delectus quo et quam repudiandae.', 104, 25, '2020-02-27 16:07:35', '2020-02-27 16:07:35'),
(1075, 'Aliquam impedit dolores repellendus eius voluptatum aut est est.', 177, 29, '2020-02-27 16:07:35', '2020-02-27 16:07:35'),
(1076, 'Praesentium dolorem ea laboriosam pariatur in officiis expedita.', 163, 3, '2020-02-27 16:07:35', '2020-02-27 16:07:35'),
(1077, 'Qui dolore harum quisquam aut pariatur mollitia ea. Quia consectetur aut excepturi sit similique fugiat.', 163, 21, '2020-02-27 16:07:35', '2020-02-27 16:07:35'),
(1078, 'Architecto odio aspernatur quaerat nobis nobis. Dolores est dolorum tenetur aut perspiciatis ut itaque.', 57, 35, '2020-02-27 16:07:35', '2020-02-27 16:07:35'),
(1079, 'Ipsa sit laudantium et quibusdam sit vel.', 31, 43, '2020-02-27 16:07:35', '2020-02-27 16:07:35'),
(1080, 'Alias magni inventore pariatur id. Pariatur rerum et voluptatibus maxime iusto fuga.', 41, 26, '2020-02-27 16:07:35', '2020-02-27 16:07:35'),
(1081, 'Ea maxime dolorem eos repudiandae doloremque libero vel. Magnam accusantium sint occaecati ex qui eligendi.', 144, 37, '2020-02-27 16:07:35', '2020-02-27 16:07:35'),
(1082, 'Nemo voluptates voluptas saepe. Neque labore accusantium aut qui doloremque.', 56, 19, '2020-02-27 16:07:36', '2020-02-27 16:07:36'),
(1083, 'Quod vitae excepturi laboriosam.', 79, 30, '2020-02-27 16:07:36', '2020-02-27 16:07:36'),
(1084, 'Molestias aliquam adipisci quisquam veritatis nihil.', 186, 15, '2020-02-27 16:07:36', '2020-02-27 16:07:36'),
(1085, 'A facilis dolorem quis.', 81, 16, '2020-02-27 16:07:36', '2020-02-27 16:07:36'),
(1086, 'Culpa ea assumenda voluptas molestiae et quia nemo aut.', 100, 18, '2020-02-27 16:07:36', '2020-02-27 16:07:36'),
(1087, 'Delectus nobis est recusandae repellendus similique eaque repellendus.', 25, 8, '2020-02-27 16:07:36', '2020-02-27 16:07:36'),
(1088, 'Odit non sint dicta ut ex corporis facilis. Saepe repellat hic quia qui.', 192, 13, '2020-02-27 16:07:36', '2020-02-27 16:07:36'),
(1089, 'Est quo eveniet aliquam.', 49, 34, '2020-02-27 16:07:36', '2020-02-27 16:07:36'),
(1090, 'Perspiciatis sunt explicabo odit saepe repellendus earum. Aliquid laboriosam quos eveniet nobis aut provident aut.', 8, 21, '2020-02-27 16:07:36', '2020-02-27 16:07:36'),
(1091, 'Aspernatur sint nihil rem voluptate quibusdam aut.', 121, 31, '2020-02-27 16:07:36', '2020-02-27 16:07:36'),
(1092, 'Aut iure iste dolor et est. Impedit ut et corporis magnam a id tempore.', 75, 50, '2020-02-27 16:07:36', '2020-02-27 16:07:36'),
(1093, 'Id voluptas temporibus assumenda mollitia et.', 118, 46, '2020-02-27 16:07:36', '2020-02-27 16:07:36'),
(1094, 'Quidem veritatis sint quis eos rerum sint sint.', 24, 6, '2020-02-27 16:07:36', '2020-02-27 16:07:36'),
(1095, 'Reiciendis voluptas fugiat quia pariatur et veritatis tempora. Sed unde voluptatem totam maxime dignissimos.', 101, 41, '2020-02-27 16:07:36', '2020-02-27 16:07:36'),
(1096, 'Repellendus ipsam dolore sit vel dolorum dolorem omnis.', 169, 14, '2020-02-27 16:07:36', '2020-02-27 16:07:36'),
(1097, 'Sapiente deserunt repudiandae quia dolores est est. Consequatur eum nam aut praesentium saepe.', 20, 36, '2020-02-27 16:07:36', '2020-02-27 16:07:36'),
(1098, 'Voluptates fugit rerum sed.', 42, 12, '2020-02-27 16:07:36', '2020-02-27 16:07:36'),
(1099, 'Alias distinctio quibusdam molestias ducimus corrupti. Velit eos eos eos beatae.', 54, 36, '2020-02-27 16:07:36', '2020-02-27 16:07:36'),
(1100, 'Ab debitis similique nesciunt ut tempore autem. Vel repudiandae nobis repudiandae autem hic in nihil.', 118, 8, '2020-02-27 16:07:36', '2020-02-27 16:07:36');

-- --------------------------------------------------------

--
-- Table structure for table `failed_jobs`
--

CREATE TABLE `failed_jobs` (
  `id` bigint(20) UNSIGNED NOT NULL,
  `connection` text COLLATE utf8mb4_unicode_ci NOT NULL,
  `queue` text COLLATE utf8mb4_unicode_ci NOT NULL,
  `payload` longtext COLLATE utf8mb4_unicode_ci NOT NULL,
  `exception` longtext COLLATE utf8mb4_unicode_ci NOT NULL,
  `failed_at` timestamp NOT NULL DEFAULT CURRENT_TIMESTAMP
) ENGINE=InnoDB DEFAULT CHARSET=utf8mb4 COLLATE=utf8mb4_unicode_ci;

-- --------------------------------------------------------

--
-- Table structure for table `migrations`
--

CREATE TABLE `migrations` (
  `id` int(10) UNSIGNED NOT NULL,
  `migration` varchar(191) COLLATE utf8mb4_unicode_ci NOT NULL,
  `batch` int(11) NOT NULL
) ENGINE=InnoDB DEFAULT CHARSET=utf8mb4 COLLATE=utf8mb4_unicode_ci;

--
-- Dumping data for table `migrations`
--

INSERT INTO `migrations` (`id`, `migration`, `batch`) VALUES
(5, '2014_10_12_000000_create_users_table', 1),
(6, '2014_10_12_100000_create_password_resets_table', 1),
(7, '2019_08_19_000000_create_failed_jobs_table', 1),
(8, '2020_02_25_135903_create_posts_table', 1),
(9, '2020_02_25_135917_create_comments_table', 1);

-- --------------------------------------------------------

--
-- Table structure for table `password_resets`
--

CREATE TABLE `password_resets` (
  `email` varchar(191) COLLATE utf8mb4_unicode_ci NOT NULL,
  `token` varchar(191) COLLATE utf8mb4_unicode_ci NOT NULL,
  `created_at` timestamp NULL DEFAULT NULL
) ENGINE=InnoDB DEFAULT CHARSET=utf8mb4 COLLATE=utf8mb4_unicode_ci;

--
-- Dumping data for table `password_resets`
--

INSERT INTO `password_resets` (`email`, `token`, `created_at`) VALUES
('test@gmail.com', '$2y$10$.e4GvGHS3GKKkyI.Sob6GuYpWsCAXH9JN1eWWD40jdSS8ohF5hpva', '2020-02-25 14:32:02');

-- --------------------------------------------------------

--
-- Table structure for table `posts`
--

CREATE TABLE `posts` (
  `id` bigint(20) UNSIGNED NOT NULL,
  `body` text COLLATE utf8mb4_unicode_ci NOT NULL,
  `image` varchar(191) COLLATE utf8mb4_unicode_ci DEFAULT NULL,
  `user_id` bigint(20) UNSIGNED NOT NULL,
  `created_at` timestamp NULL DEFAULT NULL,
  `updated_at` timestamp NULL DEFAULT NULL
) ENGINE=InnoDB DEFAULT CHARSET=utf8mb4 COLLATE=utf8mb4_unicode_ci;

--
-- Dumping data for table `posts`
--

INSERT INTO `posts` (`id`, `body`, `image`, `user_id`, `created_at`, `updated_at`) VALUES
(1, 'Est nam unde necessitatibus a sint quibusdam. Vel velit velit non enim rerum veritatis et placeat. Assumenda aut et ut sed illo quo.', 'image/img9.jpg', 49, '2020-02-27 16:06:41', '2020-02-27 16:06:41'),
(2, 'Quidem provident ut id occaecati. Voluptas ut architecto voluptatem sunt tenetur. Amet voluptas explicabo necessitatibus et.', 'image/img1.jpg', 33, '2020-02-27 16:06:41', '2020-02-27 16:06:41'),
(3, 'Quidem voluptate aut quod. Velit voluptatibus itaque dolorum architecto.', 'image/img2.jpg', 26, '2020-02-27 16:06:41', '2020-02-27 16:06:41'),
(4, 'Sint asperiores est facilis aliquam beatae vel. Reprehenderit aperiam omnis amet quam sit recusandae nihil. Mollitia eius similique esse eum corporis.', 'image/img6.jpg', 40, '2020-02-27 16:06:41', '2020-02-27 16:06:41'),
(5, 'Corporis exercitationem molestiae voluptatibus quo eos quis sit. Iste modi eum facilis corrupti eos provident repudiandae.', 'image/img5.jpg', 16, '2020-02-27 16:06:41', '2020-02-27 16:06:41'),
(6, 'Molestiae velit expedita laborum. Et atque quis est doloremque ut nihil quis. Sed in exercitationem incidunt mollitia explicabo nihil. Aliquam velit reiciendis molestias laboriosam odio provident.', 'image/img4.jpg', 9, '2020-02-27 16:06:41', '2020-02-27 16:06:41'),
(7, 'Incidunt dolores occaecati repellendus culpa. Velit corporis fuga repellat exercitationem et praesentium. Dolor assumenda qui doloribus error cum quo sint. Eum libero laudantium et non ut corrupti. Error consequatur adipisci ipsum quasi dolor tempora quos maxime.', 'image/img4.jpg', 2, '2020-02-27 16:06:41', '2020-02-27 16:06:41'),
(8, 'Magni nostrum sunt in dolorum et voluptas voluptatem quia. Repellendus nemo voluptatem voluptatem vero veniam est et. A porro quae consequatur quis. Et sed id alias voluptatem.', 'image/img6.jpg', 3, '2020-02-27 16:06:41', '2020-02-27 16:06:41'),
(9, 'Excepturi qui omnis quis qui. Beatae dolores ea consectetur quis aut eveniet. Reprehenderit temporibus quia dolorem facilis et sint atque. Velit cupiditate laboriosam odio sunt libero.', 'image/img2.jpg', 24, '2020-02-27 16:06:41', '2020-02-27 16:06:41'),
(10, 'Excepturi numquam recusandae fuga architecto sunt quia dolorem. Nemo qui rerum et fugiat et.', 'image/img10.jpg', 29, '2020-02-27 16:06:41', '2020-02-27 16:06:41'),
(11, 'Sit quos inventore molestiae quaerat. Corporis dolorum assumenda odit et. Natus beatae quaerat sapiente qui cum quos.', 'image/img7.jpg', 19, '2020-02-27 16:06:41', '2020-02-27 16:06:41'),
(12, 'Blanditiis assumenda itaque architecto minima reprehenderit veniam ratione. Blanditiis nihil rem est et amet culpa. Mollitia perferendis et veritatis voluptate ullam vel.', 'image/img5.jpg', 37, '2020-02-27 16:06:41', '2020-02-27 16:06:41'),
(13, 'Et possimus a sed aut voluptatibus vel. Fugiat culpa ea impedit accusamus illo rerum veritatis. Alias enim nobis rem tempora rem.', 'image/img2.jpg', 27, '2020-02-27 16:06:41', '2020-02-27 16:06:41'),
(14, 'Asperiores facilis blanditiis ab amet temporibus velit. Aut architecto repellendus nisi aliquid. Labore quam sit ex asperiores quibusdam rerum omnis.', 'image/img3.jpg', 11, '2020-02-27 16:06:41', '2020-02-27 16:06:41'),
(15, 'Alias qui accusantium nobis nihil et voluptas ut. Eos impedit dolores beatae ullam enim rerum minima. Aut aut molestiae eos sint voluptatum. Praesentium voluptas repellendus sapiente ipsam inventore quo at.', 'image/img3.jpg', 2, '2020-02-27 16:06:41', '2020-02-27 16:06:41'),
(16, 'Aut asperiores distinctio beatae quia. Earum magni animi aspernatur facilis dolores.', 'image/img9.jpg', 7, '2020-02-27 16:06:41', '2020-02-27 16:06:41'),
(17, 'Aliquid blanditiis aut dolorem voluptas. Numquam voluptatum autem sapiente et quaerat. Unde possimus sed ut.', 'image/img9.jpg', 17, '2020-02-27 16:06:41', '2020-02-27 16:06:41'),
(18, 'Sit soluta nihil debitis et. Quam mollitia ipsum autem tenetur aut nihil quam accusamus. Officia et optio consequatur. Est sunt consectetur et vitae quaerat minima. Iusto ducimus perferendis cum mollitia perspiciatis itaque.', 'image/img4.jpg', 19, '2020-02-27 16:06:41', '2020-02-27 16:06:41'),
(19, 'Voluptas cupiditate ullam consectetur ut enim. Tenetur voluptatibus dolorem enim voluptatem assumenda perferendis sequi fugit. Accusantium sunt odio dolorem impedit itaque molestiae. Culpa amet qui architecto.', 'image/img1.jpg', 30, '2020-02-27 16:06:41', '2020-02-27 16:06:41'),
(20, 'Commodi autem dolorem eius explicabo eveniet. Nostrum est voluptas consequatur quia veniam. Earum aut natus est aperiam accusamus commodi et. Veniam iusto fugit alias laudantium labore expedita aut. Et sed officia labore voluptatem tenetur.', 'image/img4.jpg', 9, '2020-02-27 16:06:41', '2020-02-27 16:06:41'),
(21, 'Ut quia commodi eum quis tempore repellendus voluptatem est. Ut laborum dolores rerum velit maxime totam quibusdam. Quia aut nulla soluta repellendus. Veniam ipsa officiis distinctio aut dolor dignissimos dolore.', 'image/img10.jpg', 31, '2020-02-27 16:06:42', '2020-02-27 16:06:42'),
(22, 'Voluptatem sed esse temporibus aut reprehenderit eveniet vel. Est consectetur provident sapiente odio dolor aliquid quidem ut. Vel est nam est reiciendis provident qui harum.', 'image/img5.jpg', 26, '2020-02-27 16:06:42', '2020-02-27 16:06:42'),
(23, 'Doloremque doloremque libero exercitationem aut sapiente nisi nihil. Optio qui rerum eligendi consectetur sit. Minus excepturi omnis cum neque ex. Quod non eos voluptas.', 'image/img7.jpg', 31, '2020-02-27 16:06:42', '2020-02-27 16:06:42'),
(24, 'Enim quia est dolore sed aliquam voluptas dolor. Molestiae minima a velit nihil voluptates. Necessitatibus velit qui dolore debitis est necessitatibus. Et magnam aut deserunt et illum quia qui quas.', 'image/img3.jpg', 9, '2020-02-27 16:06:42', '2020-02-27 16:06:42'),
(25, 'Et illo debitis non ut omnis sit quia. Impedit natus quis voluptas. Suscipit delectus asperiores laboriosam aut.', 'image/img4.jpg', 50, '2020-02-27 16:06:42', '2020-02-27 16:06:42'),
(26, 'Et ab qui ea vitae. Voluptas consequatur rem sapiente. Labore labore minus soluta fugiat aliquam dolor eum vero. Distinctio autem rerum vitae magni natus quod.', 'image/img3.jpg', 14, '2020-02-27 16:06:42', '2020-02-27 16:06:42'),
(27, 'Similique dolore voluptatem enim harum. Rerum nam aut voluptas quo. Ut sunt similique laborum voluptatibus illum. Et assumenda at quia provident dolores quibusdam expedita quidem.', 'image/img10.jpg', 1, '2020-02-27 16:06:42', '2020-02-27 16:06:42'),
(28, 'In eveniet magnam inventore voluptatibus corporis quae perspiciatis. Provident ipsam voluptate asperiores quas ad. Cupiditate quo quas itaque quia architecto fugiat eius. Est quo cum tempora.', 'image/img1.jpg', 44, '2020-02-27 16:06:42', '2020-02-27 16:06:42'),
(29, 'Suscipit eaque velit eos quis sint doloribus error. Perferendis adipisci sed reiciendis. Enim neque consectetur velit provident. Rem in blanditiis voluptatem assumenda ipsum est. Sequi enim quod expedita tempore ut aliquam.', 'image/img10.jpg', 24, '2020-02-27 16:06:42', '2020-02-27 16:06:42'),
(30, 'Et et ut fugit consequuntur quia velit aut. Veritatis itaque laudantium consequatur dolore.', 'image/img8.jpg', 20, '2020-02-27 16:06:42', '2020-02-27 16:06:42'),
(31, 'Accusantium voluptatum repellendus et rerum porro nesciunt consequatur velit. Sit atque quis est dolor natus quam. Numquam ut et dolorem minus est natus et aspernatur.', 'image/img4.jpg', 26, '2020-02-27 16:06:42', '2020-02-27 16:06:42'),
(32, 'Eveniet cumque impedit excepturi. Voluptas molestias facere totam eligendi et magni dolorem alias. Et ab autem veritatis nulla ut exercitationem autem. Impedit aut eum voluptatem hic nesciunt quae.', 'image/img3.jpg', 46, '2020-02-27 16:06:42', '2020-02-27 16:06:42'),
(33, 'Provident a voluptas nulla minima quaerat. Molestiae sint harum quos nostrum fuga aperiam. Cum repellendus id assumenda repellat quo.', 'image/img2.jpg', 21, '2020-02-27 16:06:42', '2020-02-27 16:06:42'),
(34, 'Asperiores qui libero quidem suscipit et. Iure qui ut quia et aliquam ipsum repudiandae.', 'image/img9.jpg', 39, '2020-02-27 16:06:42', '2020-02-27 16:06:42'),
(35, 'Corrupti repellendus est quae ipsam reiciendis facilis. Quia rerum nemo est soluta. Sed est minus non architecto qui.', 'image/img5.jpg', 39, '2020-02-27 16:06:42', '2020-02-27 16:06:42'),
(36, 'Sed tempore nihil dignissimos molestiae aut facilis accusamus. Est consequatur mollitia fugit quaerat id commodi asperiores. Maxime eum et nisi fugit ea magnam. Nostrum voluptas et rem odio asperiores omnis voluptatibus.', 'image/img3.jpg', 47, '2020-02-27 16:06:42', '2020-02-27 16:06:42'),
(37, 'Asperiores necessitatibus ea neque architecto. Alias est qui eos vel. Aspernatur quae dolorem quo sint. Consectetur aut error saepe dolores officia.', 'image/img4.jpg', 20, '2020-02-27 16:06:42', '2020-02-27 16:06:42'),
(38, 'Inventore accusantium non qui in eum odio non. Veritatis culpa dolore dolorum nihil sit mollitia illum. Aut eos architecto illo nulla neque. Commodi ut voluptate ex.', 'image/img4.jpg', 46, '2020-02-27 16:06:42', '2020-02-27 16:06:42'),
(39, 'Ea ut amet non. Dolorem voluptatem accusamus corrupti quo animi reiciendis voluptatum.', 'image/img4.jpg', 1, '2020-02-27 16:06:42', '2020-02-27 16:06:42'),
(40, 'Doloremque temporibus quam sint ad sunt natus. Vel reprehenderit voluptates vitae. Eaque molestias magni quia rem corporis est.', 'image/img5.jpg', 16, '2020-02-27 16:06:42', '2020-02-27 16:06:42'),
(41, 'Incidunt aut tempora et amet ipsa eveniet. Voluptatibus vel sed dolor eveniet.', 'image/img1.jpg', 18, '2020-02-27 16:06:42', '2020-02-27 16:06:42'),
(42, 'Fuga consectetur sit et. Quos quia aperiam in velit omnis qui ipsa. Eius quo et odio voluptatum ut.', 'image/img2.jpg', 46, '2020-02-27 16:06:42', '2020-02-27 16:06:42'),
(43, 'Quod explicabo et autem occaecati. Qui quia ipsa qui occaecati qui odio qui nihil. Deleniti est et totam autem. Tempore vel vero sequi esse.', 'image/img9.jpg', 26, '2020-02-27 16:06:42', '2020-02-27 16:06:42'),
(44, 'Quo aliquid sed ratione repudiandae reprehenderit. Qui culpa nulla ullam id. Voluptates a nisi sed omnis et veniam ipsam pariatur.', 'image/img9.jpg', 47, '2020-02-27 16:06:42', '2020-02-27 16:06:42'),
(45, 'Nemo modi vel a adipisci eaque. Aspernatur cupiditate qui quis sint. Explicabo voluptates autem saepe omnis animi. Maxime non soluta at corporis animi.', 'image/img10.jpg', 47, '2020-02-27 16:06:42', '2020-02-27 16:06:42'),
(46, 'Praesentium sed ex ipsa alias nihil aperiam. Numquam expedita corporis cupiditate voluptatem veniam. Sit eaque ea magnam excepturi rerum ut.', 'image/img3.jpg', 23, '2020-02-27 16:06:42', '2020-02-27 16:06:42'),
(47, 'Harum eveniet magni culpa distinctio architecto. Eligendi quibusdam eligendi ipsam et. Voluptas quos et consequatur corrupti.', 'image/img8.jpg', 26, '2020-02-27 16:06:42', '2020-02-27 16:06:42'),
(48, 'Molestias commodi aspernatur exercitationem et. Laboriosam optio sunt cumque debitis animi est. Beatae voluptas officiis deserunt nam nesciunt dolorem eaque.', 'image/img9.jpg', 22, '2020-02-27 16:06:42', '2020-02-27 16:06:42'),
(49, 'Quas quas est atque qui quam ut. Neque quia reprehenderit similique et vero. Reiciendis in est alias numquam quis veritatis. Dolores ut perspiciatis aperiam corrupti aut.', 'image/img3.jpg', 3, '2020-02-27 16:06:42', '2020-02-27 16:06:42'),
(50, 'Temporibus nisi harum deserunt exercitationem aut id. Maiores qui libero amet laboriosam corrupti. Dolore eligendi iusto non officia voluptatem.', 'image/img7.jpg', 6, '2020-02-27 16:06:42', '2020-02-27 16:06:42'),
(51, 'Eaque odit ea et est ut. A sit ut qui maxime cum corrupti aut. Molestiae praesentium repellat eos tempora. Sint sed odio et animi.', 'image/img2.jpg', 4, '2020-02-27 16:06:42', '2020-02-27 16:06:42'),
(52, 'Quae ut dignissimos hic voluptas inventore consequuntur voluptas. Et in ut est qui a et provident. Modi in rerum eius accusantium voluptas. Voluptates aut quia vel odit sint.', 'image/img8.jpg', 31, '2020-02-27 16:06:42', '2020-02-27 16:06:42'),
(53, 'Nostrum vel vero commodi alias et quasi inventore. Ut doloribus exercitationem natus ut quos repudiandae molestiae. Asperiores dolore qui fugiat possimus dicta iste architecto. Recusandae saepe corrupti laborum ut eaque illum quia.', 'image/img9.jpg', 27, '2020-02-27 16:06:43', '2020-02-27 16:06:43'),
(54, 'Dolorem ullam et sunt qui sunt facilis. Qui voluptate sapiente sunt consectetur at sed voluptatem. Molestiae possimus nihil odio harum et et. Ad accusamus ea consequatur dolorem laudantium sit.', 'image/img2.jpg', 6, '2020-02-27 16:06:43', '2020-02-27 16:06:43'),
(55, 'Dolores molestiae ad officiis quia inventore. A maxime quia pariatur rerum mollitia molestiae. Nihil qui et facere soluta qui ullam. Quam ut voluptas est quaerat non aut repudiandae.', 'image/img3.jpg', 26, '2020-02-27 16:06:43', '2020-02-27 16:06:43'),
(56, 'Dolorem in occaecati nulla odit et occaecati qui nesciunt. Aut nostrum quia illo. Sunt quia ut magni voluptas reiciendis facilis deserunt sint. Sed aut est nostrum vel. Culpa vero explicabo numquam id consequatur voluptas repudiandae veritatis.', 'image/img10.jpg', 10, '2020-02-27 16:06:43', '2020-02-27 16:06:43'),
(57, 'Aliquam voluptate numquam delectus ut enim laboriosam ut. Impedit repellendus voluptate dolorum dolore debitis aut aut magnam. Deleniti deleniti mollitia voluptatum totam et. Doloremque qui omnis quisquam commodi ut eveniet laborum.', 'image/img1.jpg', 14, '2020-02-27 16:06:43', '2020-02-27 16:06:43'),
(58, 'Libero esse ut vel in maxime eos ducimus. Sed eius recusandae molestiae veniam. Eum dolores corrupti laudantium autem ut consequatur voluptatem itaque. Blanditiis suscipit earum ea numquam sit atque officiis facere.', 'image/img6.jpg', 37, '2020-02-27 16:06:43', '2020-02-27 16:06:43'),
(59, 'Quo voluptatem distinctio omnis sit dolor consequatur. Magni omnis dolore qui similique. Cupiditate dolore suscipit reiciendis quia eos et illo. Labore quia qui suscipit ipsum ad facere aut.', 'image/img1.jpg', 42, '2020-02-27 16:06:43', '2020-02-27 16:06:43'),
(60, 'Voluptatem quia sit sed eaque. Facere quidem quaerat qui. Enim laboriosam aut qui omnis eum aspernatur est. Ea provident in et.', 'image/img2.jpg', 31, '2020-02-27 16:06:43', '2020-02-27 16:06:43'),
(61, 'Dicta et voluptas quia. Est illo quaerat asperiores ut odio hic blanditiis. Perspiciatis perferendis repellat voluptatum corrupti. Debitis architecto necessitatibus delectus.', 'image/img1.jpg', 17, '2020-02-27 16:06:43', '2020-02-27 16:06:43'),
(62, 'Eos incidunt aliquam vel reiciendis maxime. Consequatur et minus magnam quas numquam nihil. Error recusandae sequi aperiam deleniti ullam. Quis vel enim hic molestiae aliquam qui.', 'image/img8.jpg', 6, '2020-02-27 16:06:43', '2020-02-27 16:06:43'),
(63, 'Quis harum et voluptate aut. Possimus pariatur pariatur cum eligendi rerum magnam rerum consequatur. Voluptatem ab magnam deserunt voluptatem.', 'image/img2.jpg', 17, '2020-02-27 16:06:43', '2020-02-27 16:06:43'),
(64, 'Non in est provident quibusdam voluptatem placeat. Molestiae sapiente qui culpa quos.', 'image/img2.jpg', 21, '2020-02-27 16:06:43', '2020-02-27 16:06:43'),
(65, 'Qui eius a sed est non est architecto. Accusamus omnis accusamus animi vel fugiat dolor animi. Sunt et excepturi dolores cumque. Eaque neque dolores mollitia in.', 'image/img1.jpg', 47, '2020-02-27 16:06:43', '2020-02-27 16:06:43'),
(66, 'Laboriosam officia repellat maxime id quisquam praesentium enim error. Ut ut impedit adipisci minima officiis ratione assumenda dolor. Voluptatem aspernatur ullam molestiae animi nihil est.', 'image/img10.jpg', 8, '2020-02-27 16:06:43', '2020-02-27 16:06:43'),
(67, 'Id aspernatur tempore et dignissimos. Et explicabo ut voluptates. Corrupti ipsum enim dolore atque.', 'image/img6.jpg', 2, '2020-02-27 16:06:43', '2020-02-27 16:06:43'),
(68, 'Voluptas rerum modi sit natus. Eius deleniti dolorem dolorem consectetur qui. Quasi corporis et sit perspiciatis nulla nulla autem consectetur. Neque nam eum voluptas.', 'image/img6.jpg', 30, '2020-02-27 16:06:43', '2020-02-27 16:06:43'),
(69, 'Vel aut velit similique. Fugiat aut sed et ea dolores reiciendis quos repellendus. Dolor sit laborum ipsam consectetur sunt.', 'image/img1.jpg', 13, '2020-02-27 16:06:43', '2020-02-27 16:06:43'),
(70, 'Quas sit quam cumque quia id dolorem. Provident aliquam quasi corrupti et. Consequatur qui maxime sint non. Odio hic ipsum est dolorem.', 'image/img7.jpg', 34, '2020-02-27 16:06:43', '2020-02-27 16:06:43'),
(71, 'Omnis nihil culpa dolorem iste et aut quia. Sunt deserunt labore earum. At adipisci repellendus fuga. Saepe impedit unde non dolor eligendi reprehenderit voluptas hic.', 'image/img4.jpg', 37, '2020-02-27 16:06:43', '2020-02-27 16:06:43'),
(72, 'Voluptatibus consequatur in eum ab velit. Alias vel aut recusandae provident qui. Necessitatibus et est ut possimus.', 'image/img6.jpg', 3, '2020-02-27 16:06:43', '2020-02-27 16:06:43'),
(73, 'Blanditiis perspiciatis debitis aut dolores voluptas dignissimos. Non qui recusandae harum animi quia.', 'image/img4.jpg', 11, '2020-02-27 16:06:43', '2020-02-27 16:06:43'),
(74, 'Nisi distinctio eligendi iste similique vel dolores. Quod excepturi placeat qui.', 'image/img5.jpg', 23, '2020-02-27 16:06:43', '2020-02-27 16:06:43'),
(75, 'Sed quos quia veritatis aut corporis. Praesentium explicabo consequatur rerum tempora porro et occaecati. Incidunt in placeat recusandae iusto dignissimos laudantium error.', 'image/img8.jpg', 1, '2020-02-27 16:06:43', '2020-02-27 16:06:43'),
(76, 'Dolorum nisi odio illum. Hic quo sit maiores soluta qui. Suscipit cupiditate nulla vitae quasi.', 'image/img3.jpg', 31, '2020-02-27 16:06:43', '2020-02-27 16:06:43'),
(77, 'Ratione sint est ipsa similique totam nisi consequatur. Reiciendis nemo ex et provident aut porro. Quam tenetur odio nobis aliquid iusto ut quae. Magni sint consectetur quas repudiandae occaecati quo voluptatem nihil.', 'image/img10.jpg', 47, '2020-02-27 16:06:44', '2020-02-27 16:06:44'),
(78, 'Amet minus ut officia voluptate hic. Aut facilis ad repellendus dolores molestiae non. Eaque ut velit qui cum. Corrupti eius veritatis et ducimus placeat.', 'image/img8.jpg', 3, '2020-02-27 16:06:44', '2020-02-27 16:06:44'),
(79, 'Explicabo soluta aut nam laborum facere et. Laudantium et magnam sint ea est et. Consectetur modi debitis sed nobis qui itaque.', 'image/img1.jpg', 48, '2020-02-27 16:06:44', '2020-02-27 16:06:44'),
(80, 'Laboriosam reprehenderit delectus mollitia soluta vel sit blanditiis nulla. Quo consequuntur quis minima. Praesentium qui distinctio nobis repellat debitis.', 'image/img2.jpg', 11, '2020-02-27 16:06:44', '2020-02-27 16:06:44'),
(81, 'Perspiciatis sed suscipit debitis illum. Laboriosam enim esse est exercitationem qui repellat porro ipsa. Vel ut atque tenetur et eligendi.', 'image/img2.jpg', 30, '2020-02-27 16:06:44', '2020-02-27 16:06:44'),
(82, 'Exercitationem id et mollitia itaque nulla est. Saepe nisi quidem placeat cupiditate perferendis. Aut iste repellendus neque nihil quisquam consectetur aperiam.', 'image/img4.jpg', 24, '2020-02-27 16:06:44', '2020-02-27 16:06:44'),
(83, 'Dolorem similique eius sed veniam aspernatur ipsa vel. Tempora consequatur velit et ex fugit vel cumque sint. Et nobis soluta sequi quaerat iure ipsam. Sed et aperiam non adipisci architecto voluptas.', 'image/img9.jpg', 5, '2020-02-27 16:06:44', '2020-02-27 16:06:44'),
(84, 'Voluptatem provident ipsa rerum voluptatem quis nihil repellat. Alias veniam repellat laboriosam. Est quisquam dignissimos debitis neque dolorem. Non rerum minus iusto error.', 'image/img2.jpg', 20, '2020-02-27 16:06:44', '2020-02-27 16:06:44'),
(85, 'Asperiores nulla quis molestiae molestiae in doloremque. Est earum fugiat aut quo tempore cum. Ipsam culpa odio totam ut sit maiores.', 'image/img9.jpg', 22, '2020-02-27 16:06:44', '2020-02-27 16:06:44'),
(86, 'Vero ut commodi qui et eum. Ex asperiores hic occaecati consectetur et. Voluptatem minus voluptas aperiam tempora.', 'image/img6.jpg', 6, '2020-02-27 16:06:44', '2020-02-27 16:06:44'),
(87, 'Corporis et aut velit odit velit est. Ab quaerat aut dolorem repellat quae. Dolor provident aperiam qui non. Qui eaque sint maiores eos.', 'image/img8.jpg', 3, '2020-02-27 16:06:44', '2020-02-27 16:06:44'),
(88, 'Suscipit sit nemo praesentium qui consequuntur exercitationem. Sapiente facere vel ullam consequuntur in vel. Aliquid sunt illo omnis nostrum.', 'image/img8.jpg', 26, '2020-02-27 16:06:44', '2020-02-27 16:06:44'),
(89, 'Sit dolores adipisci sed quod earum asperiores. Harum voluptates quo minima rem accusantium fugiat saepe.', 'image/img1.jpg', 6, '2020-02-27 16:06:44', '2020-02-27 16:06:44'),
(90, 'Placeat voluptatum quia ut sunt id pariatur. Ut dolor nam voluptatem est. Commodi enim temporibus ad dolor quod.', 'image/img5.jpg', 18, '2020-02-27 16:06:44', '2020-02-27 16:06:44'),
(91, 'Corporis alias qui dolorum quis. Et quia culpa optio dolor. Enim nihil commodi voluptatem dolorem dolorum eos esse rem. In in sint dolores perspiciatis doloremque. Aut blanditiis nesciunt labore qui.', 'image/img3.jpg', 37, '2020-02-27 16:06:44', '2020-02-27 16:06:44'),
(92, 'Aliquid est quam totam corporis qui similique. Aut et ratione labore corrupti sint. Facere quis quidem animi qui. Aut aut necessitatibus expedita est sed laboriosam.', 'image/img10.jpg', 16, '2020-02-27 16:06:44', '2020-02-27 16:06:44'),
(93, 'Illo esse a voluptatem placeat blanditiis fugit. Reiciendis vitae accusamus neque blanditiis vitae. Voluptate quasi recusandae eum possimus dolores dolor.', 'image/img3.jpg', 16, '2020-02-27 16:06:44', '2020-02-27 16:06:44'),
(94, 'Autem et natus et cum architecto rem cupiditate. Iste dicta commodi rem assumenda. Laudantium aut sunt deleniti voluptatibus quidem voluptatibus. Rem recusandae quae et animi non ipsam.', 'image/img10.jpg', 47, '2020-02-27 16:06:44', '2020-02-27 16:06:44'),
(95, 'A tempora sit laboriosam et. Ea culpa iste nihil nam. Repellat et dolorem et odio laboriosam mollitia.', 'image/img3.jpg', 24, '2020-02-27 16:06:44', '2020-02-27 16:06:44'),
(96, 'Beatae temporibus inventore tempore magni. Delectus accusamus sunt id non quae. Tempora ea veritatis sint recusandae sed et. Natus dolores aliquam ut.', 'image/img9.jpg', 11, '2020-02-27 16:06:44', '2020-02-27 16:06:44'),
(97, 'Ut inventore nobis eos quod. Aut recusandae quia omnis quisquam est quis. Consequatur illum beatae fugit. Debitis quidem deserunt qui aperiam.', 'image/img10.jpg', 40, '2020-02-27 16:06:44', '2020-02-27 16:06:44'),
(98, 'Deserunt sed est nulla qui sapiente ut. Ad aut et omnis non odit veritatis nostrum sapiente. Beatae nihil aut mollitia modi.', 'image/img9.jpg', 24, '2020-02-27 16:06:44', '2020-02-27 16:06:44'),
(99, 'Quisquam itaque sed sed esse est. Qui quo architecto voluptatem est voluptatem voluptates sit non. Sed et voluptatem velit blanditiis labore quaerat ipsam. Sapiente corrupti perspiciatis earum quibusdam. Consequatur maiores voluptate quas numquam qui libero.', 'image/img10.jpg', 3, '2020-02-27 16:06:44', '2020-02-27 16:06:44'),
(100, 'Laborum quasi omnis rerum voluptas sit laboriosam. Praesentium vero molestiae quasi odit beatae et. Placeat sunt at accusamus sed odit. Et rem est esse ullam praesentium.', 'image/img8.jpg', 22, '2020-02-27 16:06:44', '2020-02-27 16:06:44'),
(101, 'Mollitia ratione quidem debitis quo nostrum ut. Ducimus ab quasi numquam alias. Nesciunt voluptate id dolorum pariatur enim. Sequi accusantium unde hic ut numquam inventore omnis.', 'image/img9.jpg', 37, '2020-02-27 16:06:44', '2020-02-27 16:06:44'),
(102, 'Quis enim suscipit ut provident rem corporis. Iste est similique et sit et corrupti. Quos ab maxime est non.', 'image/img2.jpg', 29, '2020-02-27 16:06:44', '2020-02-27 16:06:44'),
(103, 'Ipsum sit sequi impedit autem error voluptatem et. Eum unde dolore repellendus et impedit quod autem. Qui et voluptas consequatur quia sed. Corporis maxime amet voluptatem eligendi fugiat.', 'image/img2.jpg', 5, '2020-02-27 16:06:44', '2020-02-27 16:06:44'),
(104, 'Est quaerat nobis impedit voluptatem voluptatem dolor eius. Et laboriosam sapiente iusto nulla in. Debitis molestiae doloremque pariatur doloribus veniam vero.', 'image/img9.jpg', 31, '2020-02-27 16:06:44', '2020-02-27 16:06:44'),
(105, 'Quam recusandae aut velit blanditiis assumenda et eligendi. Corporis esse non enim harum. Reiciendis doloribus ut libero ut. Consequatur qui nisi qui optio harum qui.', 'image/img8.jpg', 36, '2020-02-27 16:06:44', '2020-02-27 16:06:44'),
(106, 'Ut dolore facilis omnis quia. Vitae tenetur molestiae dicta optio repellendus quidem est. Velit nihil sapiente non enim. Dolores ducimus magni incidunt qui odio sed.', 'image/img9.jpg', 47, '2020-02-27 16:06:44', '2020-02-27 16:06:44'),
(107, 'Tempora omnis quaerat adipisci laudantium illo voluptas. Voluptatem veniam sit eligendi similique voluptatem maxime. Voluptates dolor nam quaerat illum nulla laudantium. Est aspernatur nisi reprehenderit architecto eveniet qui ullam rem.', 'image/img2.jpg', 44, '2020-02-27 16:06:44', '2020-02-27 16:06:44'),
(108, 'Fugiat at reiciendis et aut nam. Et ut laudantium laudantium minima eius quia. Nam aut culpa ut animi alias ratione et. Harum aliquam placeat possimus voluptatem.', 'image/img10.jpg', 1, '2020-02-27 16:06:45', '2020-02-27 16:06:45'),
(109, 'Maiores vel possimus placeat accusantium ea nihil sit. Illum est aperiam cumque dolorum. Dolore qui pariatur perferendis numquam possimus. Enim sed facilis eius aliquam eligendi.', 'image/img7.jpg', 13, '2020-02-27 16:06:45', '2020-02-27 16:06:45'),
(110, 'Reprehenderit ad ut est quia. Qui nihil alias ducimus. Sit ea excepturi eaque optio quae expedita rerum autem. Tenetur sunt esse quia voluptas tempore blanditiis.', 'image/img9.jpg', 36, '2020-02-27 16:06:45', '2020-02-27 16:06:45'),
(111, 'Ut in ipsam laudantium sit libero. Et quis quibusdam sapiente non inventore voluptatem consectetur enim.', 'image/img7.jpg', 24, '2020-02-27 16:06:45', '2020-02-27 16:06:45'),
(112, 'Sed natus molestiae dolor quo nihil qui. Ut maxime labore doloribus quisquam praesentium. Tempore beatae neque aut quod. Placeat molestiae eius eos praesentium earum recusandae sunt.', 'image/img5.jpg', 18, '2020-02-27 16:06:45', '2020-02-27 16:06:45'),
(113, 'Ad odit debitis perferendis at voluptatibus. Aut numquam ut ratione quos sit ut. Officia et aperiam porro explicabo quae. Quia dolorem corrupti voluptatem doloribus dolorem optio rerum.', 'image/img5.jpg', 31, '2020-02-27 16:06:45', '2020-02-27 16:06:45'),
(114, 'Est voluptates est doloremque veniam in alias ea est. Dolorem non similique ut vitae occaecati quisquam sed. Distinctio natus ut eum consequatur.', 'image/img10.jpg', 33, '2020-02-27 16:06:45', '2020-02-27 16:06:45'),
(115, 'Vel distinctio iure ut corrupti consectetur non. Nisi in sed et consequatur sint voluptas. Quia ipsam cupiditate nulla asperiores quibusdam.', 'image/img2.jpg', 20, '2020-02-27 16:06:45', '2020-02-27 16:06:45'),
(116, 'Voluptas aut eum ut natus et provident. A sint illum atque tenetur. Eos expedita vero voluptate qui unde. Nisi porro architecto reprehenderit harum reiciendis sequi.', 'image/img8.jpg', 30, '2020-02-27 16:06:45', '2020-02-27 16:06:45'),
(117, 'Ratione est eveniet facilis ut ipsum delectus illum. Quo repellat iste vel aperiam. Ipsam et magni reprehenderit facilis repellendus rem.', 'image/img1.jpg', 17, '2020-02-27 16:06:45', '2020-02-27 16:06:45'),
(118, 'Cupiditate odit corporis incidunt cupiditate ipsa consequatur. In qui et id ullam quam nostrum est. Vero et aut atque sapiente harum itaque. Et voluptatibus consequatur nisi omnis.', 'image/img2.jpg', 13, '2020-02-27 16:06:45', '2020-02-27 16:06:45'),
(119, 'Corporis omnis cum rerum aut. Ut dolorem aut recusandae velit. Et eaque provident et.', 'image/img6.jpg', 44, '2020-02-27 16:06:45', '2020-02-27 16:06:45'),
(120, 'Labore et culpa eum. Ipsum non id nihil eaque. Eius repudiandae aut cum molestiae.', 'image/img10.jpg', 15, '2020-02-27 16:06:45', '2020-02-27 16:06:45'),
(121, 'Minima et modi enim aut. Saepe ullam temporibus rem sunt alias ratione. Doloribus fugit voluptas asperiores facere et rerum. Ad est accusamus hic.', 'image/img4.jpg', 7, '2020-02-27 16:06:45', '2020-02-27 16:06:45'),
(122, 'Ullam impedit non commodi voluptas aut in. Sit et quo blanditiis ut dolorem. Blanditiis consectetur saepe mollitia.', 'image/img2.jpg', 18, '2020-02-27 16:06:45', '2020-02-27 16:06:45'),
(123, 'Quasi consequatur repellendus dolor ipsa vitae. Iure quo accusamus quidem corrupti corrupti voluptatem. Est laborum alias iste inventore beatae. Et in ea necessitatibus nam. Est doloribus id illum dolore omnis ipsum.', 'image/img4.jpg', 5, '2020-02-27 16:06:45', '2020-02-27 16:06:45'),
(124, 'Cupiditate optio blanditiis amet reiciendis velit blanditiis. Dolores aperiam eos quasi cum. Et fugit aut nulla sequi sed velit.', 'image/img1.jpg', 28, '2020-02-27 16:06:45', '2020-02-27 16:06:45'),
(125, 'Incidunt molestiae nisi officia eum quisquam nostrum. Dignissimos rerum quaerat ullam sed cum ipsam dolor. Vel quo unde explicabo tenetur et enim voluptatibus. Sequi voluptas minus excepturi est odit officiis saepe facilis.', 'image/img9.jpg', 38, '2020-02-27 16:06:45', '2020-02-27 16:06:45'),
(126, 'Rem harum quis qui. Quis voluptate deleniti et sit. Sit officia optio nemo sed dolores et qui. Non adipisci error architecto aut cum laborum.', 'image/img4.jpg', 7, '2020-02-27 16:06:45', '2020-02-27 16:06:45'),
(127, 'Voluptas sed possimus provident voluptas facilis nesciunt impedit. Maiores est doloremque atque est fugiat et. Perferendis vel saepe repellendus consequatur magnam. Nam est totam et voluptatem.', 'image/img1.jpg', 11, '2020-02-27 16:06:45', '2020-02-27 16:06:45'),
(128, 'Quia rerum quidem ad quisquam vel nihil omnis laboriosam. Omnis vel sunt porro culpa alias consequuntur maxime. Et doloremque consequatur sunt ea unde laudantium quod. Laboriosam beatae corrupti saepe impedit laboriosam a.', 'image/img3.jpg', 13, '2020-02-27 16:06:45', '2020-02-27 16:06:45'),
(129, 'Odit qui impedit recusandae voluptatum. A assumenda blanditiis nam similique. Laudantium dolor ratione cupiditate beatae ut. Sed sed tempora doloremque.', 'image/img5.jpg', 4, '2020-02-27 16:06:45', '2020-02-27 16:06:45'),
(130, 'Quia voluptatem omnis officiis in voluptatem et esse. Officiis tempora fuga quam vel. Deleniti veritatis neque dolorum possimus quia facere.', 'image/img10.jpg', 18, '2020-02-27 16:06:45', '2020-02-27 16:06:45'),
(131, 'Similique molestias quam et unde. Voluptatum cum vitae quia molestiae placeat laboriosam eveniet.', 'image/img4.jpg', 5, '2020-02-27 16:06:45', '2020-02-27 16:06:45'),
(132, 'Voluptatum aut nemo suscipit ad nam ipsa. Dolor culpa sed omnis voluptatem.', 'image/img7.jpg', 3, '2020-02-27 16:06:45', '2020-02-27 16:06:45'),
(133, 'Quasi cumque fugiat ut sunt ad consequatur culpa qui. Natus dolorem officiis placeat praesentium delectus officia beatae. Omnis fugit vel velit. Est voluptas velit unde.', 'image/img8.jpg', 43, '2020-02-27 16:06:45', '2020-02-27 16:06:45'),
(134, 'Et nobis ullam molestiae dolores soluta earum. Sit dolorem sequi non temporibus mollitia iure.', 'image/img9.jpg', 26, '2020-02-27 16:06:45', '2020-02-27 16:06:45'),
(135, 'Id blanditiis facere atque alias. Asperiores excepturi quis est dolorem itaque rerum. Et debitis voluptatem dolores non perspiciatis cumque accusamus. Explicabo ex accusantium voluptates reprehenderit aperiam eum.', 'image/img3.jpg', 33, '2020-02-27 16:06:45', '2020-02-27 16:06:45'),
(136, 'Ut voluptatum harum impedit iure et qui est. Autem facere ut id ad et sint necessitatibus. Placeat non quibusdam dolorem in.', 'image/img6.jpg', 3, '2020-02-27 16:06:45', '2020-02-27 16:06:45'),
(137, 'Adipisci eum distinctio consequatur. Distinctio et asperiores et ad eaque qui quia suscipit. A velit officiis ad dolores exercitationem quia. Quis nesciunt odio laudantium nihil.', 'image/img5.jpg', 24, '2020-02-27 16:06:45', '2020-02-27 16:06:45'),
(138, 'Necessitatibus velit blanditiis necessitatibus necessitatibus. Qui sit beatae voluptatem sed consequuntur qui. Impedit voluptatum repellat explicabo ullam nisi consequuntur. Molestias ullam et voluptas et in fugiat voluptas.', 'image/img5.jpg', 20, '2020-02-27 16:06:45', '2020-02-27 16:06:45'),
(139, 'Dignissimos et odit quod aut enim. Qui recusandae tempora nihil nam. Ducimus quos eaque perferendis cum saepe inventore cumque officia. Minus voluptatem mollitia totam perspiciatis sunt voluptatem reprehenderit.', 'image/img1.jpg', 46, '2020-02-27 16:06:45', '2020-02-27 16:06:45'),
(140, 'Quas laboriosam maxime quis mollitia id quod. Omnis ullam magni aut eius in laudantium placeat occaecati.', 'image/img7.jpg', 5, '2020-02-27 16:06:45', '2020-02-27 16:06:45'),
(141, 'Fugiat sit inventore repellat quisquam. Sed dolore corrupti ea similique illum aspernatur.', 'image/img7.jpg', 18, '2020-02-27 16:06:46', '2020-02-27 16:06:46'),
(142, 'Illo voluptatem repellendus animi voluptatem nihil quis suscipit. Iure nemo vero consequuntur. Veritatis sit blanditiis eum et sit aut qui.', 'image/img8.jpg', 6, '2020-02-27 16:06:46', '2020-02-27 16:06:46'),
(143, 'Alias aut officia minima natus et quo dignissimos aliquid. Eligendi labore commodi delectus recusandae vero enim. Consequatur repellendus minus nulla rerum.', 'image/img1.jpg', 18, '2020-02-27 16:06:46', '2020-02-27 16:06:46'),
(144, 'Consequatur sit dicta commodi labore. Aut vel vel incidunt pariatur sit. Inventore dicta consequatur vel soluta non asperiores voluptate. Aperiam labore voluptates sit tempore natus ab.', 'image/img3.jpg', 19, '2020-02-27 16:06:46', '2020-02-27 16:06:46'),
(145, 'Consequatur quidem sunt laborum quam. A suscipit saepe provident labore itaque. Expedita non nam similique cupiditate omnis et consequatur.', 'image/img5.jpg', 4, '2020-02-27 16:06:46', '2020-02-27 16:06:46'),
(146, 'Est sit est quo asperiores dignissimos nam. Ea iure facere earum mollitia et dolorem nesciunt. Optio accusantium quisquam alias aut non.', 'image/img8.jpg', 34, '2020-02-27 16:06:46', '2020-02-27 16:06:46'),
(147, 'Accusantium aut vitae enim facere doloremque vel. Blanditiis vel culpa nemo quos nulla. Adipisci ut rerum ipsa ad aut.', 'image/img5.jpg', 2, '2020-02-27 16:06:46', '2020-02-27 16:06:46'),
(148, 'Eligendi molestiae earum tempora voluptatibus. Cumque non dolores inventore doloremque alias nihil et unde. Non porro dolorum earum alias veritatis culpa. Et fuga sed maxime ipsum deleniti.', 'image/img4.jpg', 1, '2020-02-27 16:06:46', '2020-02-27 16:06:46'),
(149, 'Porro aut autem minima voluptas voluptatum. Est ea aut qui velit. Maiores non quidem ipsum labore dolor quo expedita. Magni est quae officiis consequuntur.', 'image/img8.jpg', 42, '2020-02-27 16:06:46', '2020-02-27 16:06:46'),
(150, 'Ut quia pariatur et inventore laboriosam aut eum. Ut non non sit non consectetur ducimus laboriosam consequuntur. Iusto molestiae quia in voluptas blanditiis. Distinctio aut numquam cupiditate itaque veniam eum voluptate.', 'image/img10.jpg', 1, '2020-02-27 16:06:46', '2020-02-27 16:06:46'),
(151, 'Officia dolores distinctio necessitatibus rerum. Ut itaque perspiciatis incidunt ullam molestias corporis debitis voluptatem. Magni mollitia repellendus dolor sit est.', 'image/img6.jpg', 14, '2020-02-27 16:06:46', '2020-02-27 16:06:46'),
(152, 'Sit quos nulla blanditiis et ea perspiciatis et. Voluptatem cupiditate sunt tempore quidem sit et cupiditate. Quis qui mollitia placeat deserunt expedita placeat.', 'image/img1.jpg', 7, '2020-02-27 16:06:46', '2020-02-27 16:06:46'),
(153, 'Corrupti exercitationem autem nihil sit ut mollitia. Suscipit est in repudiandae. Enim ratione cupiditate non enim enim error rem magni. Est aut qui ipsam voluptas delectus ullam sint. Quia praesentium enim excepturi qui cum adipisci.', 'image/img10.jpg', 23, '2020-02-27 16:06:46', '2020-02-27 16:06:46'),
(154, 'Expedita molestias enim in repellendus hic harum perferendis. Numquam omnis necessitatibus vel esse at placeat ipsa unde. Aliquam autem voluptas quidem quia.', 'image/img2.jpg', 9, '2020-02-27 16:06:46', '2020-02-27 16:06:46'),
(155, 'Esse placeat qui officiis quam nisi. Quod blanditiis molestias debitis eaque.', 'image/img4.jpg', 49, '2020-02-27 16:06:46', '2020-02-27 16:06:46'),
(156, 'Dolores minima modi error. Aut sint accusamus a repellendus. Ducimus voluptatum fugit deserunt quod necessitatibus doloremque.', 'image/img5.jpg', 15, '2020-02-27 16:06:46', '2020-02-27 16:06:46'),
(157, 'Quia molestias vel aut possimus eum laboriosam. Praesentium eveniet aut aut dolore quo voluptas beatae dicta. Asperiores magnam enim ut quae. Molestias ex ipsam natus iure magnam quo.', 'image/img9.jpg', 5, '2020-02-27 16:06:46', '2020-02-27 16:06:46'),
(158, 'Repellendus rerum nihil cupiditate quia tempore soluta dicta. Accusamus deserunt error sint. Sunt eum consequatur dolor exercitationem dolores. Voluptate expedita accusantium omnis repellat sed aut molestiae.', 'image/img5.jpg', 25, '2020-02-27 16:06:46', '2020-02-27 16:06:46'),
(159, 'Aut sed amet molestiae reiciendis aspernatur iste voluptatem illo. Sed quidem repellat corrupti distinctio sapiente. Aut molestiae rerum dolor repudiandae harum iure nostrum tenetur.', 'image/img7.jpg', 15, '2020-02-27 16:06:46', '2020-02-27 16:06:46'),
(160, 'Eos temporibus blanditiis explicabo ab explicabo. Architecto non magnam assumenda ad ut minus. Sed quae est quos eum officiis molestias asperiores. Tempore maxime sint omnis velit sed.', 'image/img1.jpg', 39, '2020-02-27 16:06:46', '2020-02-27 16:06:46'),
(161, 'Non voluptatem nesciunt non hic quasi vero doloremque. Ut cum commodi voluptates exercitationem nostrum in. Autem in facere officia et enim et iste.', 'image/img9.jpg', 46, '2020-02-27 16:06:46', '2020-02-27 16:06:46'),
(162, 'Non tempore non velit ea. Voluptatem voluptates accusantium natus sed soluta quidem nostrum. Omnis tempora nostrum minus suscipit est quod minima. Nam vel dicta id blanditiis sequi totam.', 'image/img2.jpg', 20, '2020-02-27 16:06:46', '2020-02-27 16:06:46'),
(163, 'Ab itaque molestiae in ut nisi voluptatem eum. Est dolores adipisci est. Ad accusantium dolorem minima nemo aliquam quod.', 'image/img1.jpg', 33, '2020-02-27 16:06:46', '2020-02-27 16:06:46'),
(164, 'Delectus alias illo corporis natus ratione veniam aliquam. Nobis rerum eius et voluptatem inventore. Pariatur quaerat ut nemo deserunt error non consequuntur.', 'image/img4.jpg', 37, '2020-02-27 16:06:46', '2020-02-27 16:06:46'),
(165, 'Nobis repellendus in quos optio ipsa est enim. In ipsum perferendis veritatis quod sed cumque. Est rerum quo iste. Repellat ipsum molestiae veritatis eum qui. Autem commodi ea quia cum dolorem est et.', 'image/img10.jpg', 14, '2020-02-27 16:06:46', '2020-02-27 16:06:46'),
(166, 'Dolore quis eos doloremque. Deleniti ducimus est beatae inventore.', 'image/img7.jpg', 27, '2020-02-27 16:06:46', '2020-02-27 16:06:46'),
(167, 'Animi unde qui sit culpa sunt. Debitis itaque deleniti qui iure. Vitae ipsa itaque velit vitae et sit nulla.', 'image/img2.jpg', 48, '2020-02-27 16:06:46', '2020-02-27 16:06:46'),
(168, 'Pariatur qui distinctio placeat qui. Unde quod aperiam optio voluptate. Saepe laboriosam molestias nobis dolor.', 'image/img3.jpg', 19, '2020-02-27 16:06:46', '2020-02-27 16:06:46'),
(169, 'Molestiae aspernatur et non id perferendis quam. Rerum quis nesciunt nihil velit odio. Laboriosam velit sequi nulla hic consequatur. Laborum assumenda dignissimos voluptas sed. Quia voluptas quia eius exercitationem sed alias.', 'image/img10.jpg', 9, '2020-02-27 16:06:46', '2020-02-27 16:06:46'),
(170, 'Incidunt autem esse ut error eos. Error ut inventore consequatur qui. Debitis numquam modi laboriosam quaerat et et fugit dolorem.', 'image/img6.jpg', 13, '2020-02-27 16:06:46', '2020-02-27 16:06:46'),
(171, 'Pariatur consequatur et explicabo quod cumque. Qui facilis reprehenderit sint sit harum delectus. Iure omnis dolores perspiciatis alias. Fugiat non ea placeat voluptate aut non.', 'image/img5.jpg', 38, '2020-02-27 16:06:46', '2020-02-27 16:06:46'),
(172, 'Aliquam neque consequuntur aut unde culpa. Voluptatem id et ratione. Est aliquam et nihil magni est.', 'image/img7.jpg', 42, '2020-02-27 16:06:46', '2020-02-27 16:06:46'),
(173, 'Non rem voluptates magni minima qui exercitationem et quaerat. Error ipsum inventore magnam non fugit dicta sed doloremque. At sint aliquam temporibus dolor aliquid. Porro eos est consequuntur nihil sed aperiam repellendus.', 'image/img2.jpg', 48, '2020-02-27 16:06:46', '2020-02-27 16:06:46'),
(174, 'Non assumenda ad minima tempore ad est. Dolor aperiam quasi aut odio enim. Adipisci est delectus distinctio fugit. Harum hic beatae inventore.', 'image/img9.jpg', 50, '2020-02-27 16:06:47', '2020-02-27 16:06:47'),
(175, 'Ipsam dolor aliquid doloribus velit. Incidunt voluptas tenetur distinctio sunt blanditiis reprehenderit. Nostrum eius eum debitis ipsum eaque quaerat dolorum rerum. Est recusandae iure nobis aliquid id maxime quaerat.', 'image/img4.jpg', 42, '2020-02-27 16:06:47', '2020-02-27 16:06:47'),
(176, 'Sed illo architecto quisquam in labore placeat saepe dolorem. Tenetur dolorem libero et. Laudantium unde voluptas et voluptatibus et. Esse corrupti minus quia consequatur veritatis voluptatem et.', 'image/img2.jpg', 44, '2020-02-27 16:06:47', '2020-02-27 16:06:47'),
(177, 'Ex reprehenderit reprehenderit a quia et est sit. Doloremque vero nostrum minima illo ex. Dolores quis cumque nemo voluptas omnis ab provident illo.', 'image/img1.jpg', 25, '2020-02-27 16:06:47', '2020-02-27 16:06:47'),
(178, 'Aut et sed velit. Nulla repudiandae et voluptatem consequuntur sed ut. Assumenda fuga nostrum quibusdam et voluptas consequuntur odit.', 'image/img5.jpg', 32, '2020-02-27 16:06:47', '2020-02-27 16:06:47'),
(179, 'Occaecati ex qui voluptas velit cumque magni. Laboriosam sit quis voluptatem saepe ut eius vel. Voluptatem iusto mollitia eveniet earum. Sit sint ullam delectus aut ducimus quaerat possimus.', 'image/img8.jpg', 22, '2020-02-27 16:06:47', '2020-02-27 16:06:47'),
(180, 'Quam fuga sed ut nesciunt dolorem minus ut. Maxime temporibus ipsam voluptas reprehenderit pariatur doloribus. Dolorem tenetur voluptates molestiae.', 'image/img2.jpg', 6, '2020-02-27 16:06:47', '2020-02-27 16:06:47'),
(181, 'Quis aut quos dicta architecto. Quia illo ut quidem odio. Eveniet sapiente voluptatem quisquam repellat sed quis harum numquam. Saepe tempore officiis ratione minus architecto aliquid laboriosam minus.', 'image/img5.jpg', 45, '2020-02-27 16:06:47', '2020-02-27 16:06:47'),
(182, 'Fugit dolor ut doloremque. Ea veniam eligendi eligendi. Adipisci id excepturi odio enim.', 'image/img9.jpg', 42, '2020-02-27 16:06:47', '2020-02-27 16:06:47'),
(183, 'Ratione ut itaque atque ipsum debitis. Nam quia aut natus et incidunt neque quia quis. Quo ipsa modi eos voluptas minima id.', 'image/img1.jpg', 28, '2020-02-27 16:06:47', '2020-02-27 16:06:47'),
(184, 'Assumenda quibusdam magni ut vel quas eos dicta. Enim et quae molestias quia perspiciatis. Possimus in accusantium quia aut error. Unde nobis suscipit similique deserunt voluptatem cum veniam.', 'image/img6.jpg', 47, '2020-02-27 16:06:47', '2020-02-27 16:06:47'),
(185, 'Facere asperiores ex assumenda voluptatem. Non quas excepturi et molestiae. Sed nostrum officiis dolorem. Tempore sequi perspiciatis aut iure.', 'image/img8.jpg', 35, '2020-02-27 16:06:47', '2020-02-27 16:06:47'),
(186, 'Qui consequatur iste blanditiis architecto eos. Non accusantium ab perspiciatis pariatur. Nihil autem illo quia laboriosam earum aut est et. Fugit aut quam est suscipit dolor.', 'image/img8.jpg', 2, '2020-02-27 16:06:47', '2020-02-27 16:06:47'),
(187, 'Aut et sint deserunt facere nobis. Eum voluptatem omnis delectus impedit. Est inventore deleniti ex nam laudantium.', 'image/img3.jpg', 8, '2020-02-27 16:06:47', '2020-02-27 16:06:47'),
(188, 'Error neque laudantium et rem beatae. Inventore ut a assumenda totam ut qui. Officiis necessitatibus quae fuga ab. Odit quo quis minus nesciunt excepturi.', 'image/img6.jpg', 49, '2020-02-27 16:06:47', '2020-02-27 16:06:47'),
(189, 'Nostrum voluptatum libero veniam ex quis occaecati velit. Autem accusantium voluptas a doloremque ipsam. Adipisci ut est consequatur sint qui officiis. Alias qui eveniet quibusdam cupiditate hic sed et.', 'image/img5.jpg', 2, '2020-02-27 16:06:47', '2020-02-27 16:06:47'),
(190, 'Laborum modi minus animi quis repudiandae et aspernatur reprehenderit. Velit quae perferendis laborum dolor. Libero quisquam reprehenderit expedita maiores aut.', 'image/img2.jpg', 1, '2020-02-27 16:06:47', '2020-02-27 16:06:47'),
(191, 'Omnis quod neque sed ut. Vitae animi repudiandae tenetur quas neque amet explicabo dolorum. Doloremque quae vel commodi modi dolor pariatur id. Qui sed et nam qui aliquid culpa.', 'image/img5.jpg', 23, '2020-02-27 16:06:47', '2020-02-27 16:06:47'),
(192, 'Ducimus magni labore rerum illo odio qui doloribus. Sapiente vel ad doloremque occaecati nulla et ex. Qui quidem quaerat inventore aliquam quia quo quis aperiam. Numquam et accusantium voluptatum. Modi et incidunt deleniti vero dignissimos et necessitatibus.', 'image/img7.jpg', 15, '2020-02-27 16:06:47', '2020-02-27 16:06:47'),
(193, 'Repudiandae sequi similique iusto qui iusto iure. Eligendi et sit qui eum laborum voluptatibus at. In tenetur distinctio maiores aut blanditiis fugit pariatur vitae.', 'image/img6.jpg', 32, '2020-02-27 16:06:47', '2020-02-27 16:06:47'),
(194, 'Aperiam sunt qui recusandae earum sunt sequi cumque. Corporis ea nisi voluptatem est. Laudantium temporibus animi odit voluptas et deserunt iste.', 'image/img4.jpg', 47, '2020-02-27 16:06:47', '2020-02-27 16:06:47'),
(195, 'Vitae repellat sint ut et consequatur quidem. Ut dolores error sequi eos minima fugit. Ea qui suscipit tempora.', 'image/img8.jpg', 46, '2020-02-27 16:06:47', '2020-02-27 16:06:47'),
(196, 'Mollitia quam non quia odio atque et. Incidunt laborum non exercitationem sint animi. Atque et molestiae optio veniam vel.', 'image/img5.jpg', 25, '2020-02-27 16:06:47', '2020-02-27 16:06:47'),
(197, 'Molestias qui et nisi rem tempore dicta. Eligendi consequuntur omnis sequi similique non. Fugiat deserunt incidunt excepturi quasi voluptas eligendi qui.', 'image/img8.jpg', 44, '2020-02-27 16:06:47', '2020-02-27 16:06:47'),
(198, 'Ut dicta est veniam aut et et delectus. Ut in ea placeat ipsum dolore. Quis debitis provident officiis qui. Doloremque ullam accusantium aliquam quis voluptate eius atque.', 'image/img1.jpg', 36, '2020-02-27 16:06:47', '2020-02-27 16:06:47'),
(199, 'Amet error perferendis at facilis saepe. Ea quae quaerat suscipit. Dolorem nihil possimus architecto. Ipsa libero fuga nihil dolore. Molestiae at voluptatem quia enim maxime consequatur eum.', 'image/img8.jpg', 7, '2020-02-27 16:06:47', '2020-02-27 16:06:47'),
(200, 'Repellat autem molestiae minima soluta assumenda. Explicabo reiciendis aut cupiditate sit iure. Eos voluptatem blanditiis molestiae veritatis doloribus molestiae quis.', 'image/img3.jpg', 43, '2020-02-27 16:06:47', '2020-02-27 16:06:47');

-- --------------------------------------------------------

--
-- Table structure for table `users`
--

CREATE TABLE `users` (
  `id` bigint(20) UNSIGNED NOT NULL,
  `name` varchar(191) COLLATE utf8mb4_unicode_ci NOT NULL,
  `username` varchar(191) COLLATE utf8mb4_unicode_ci NOT NULL,
  `email` varchar(191) COLLATE utf8mb4_unicode_ci NOT NULL,
  `group` tinyint(4) NOT NULL,
  `active` tinyint(1) NOT NULL DEFAULT '1',
  `email_verified_at` timestamp NULL DEFAULT NULL,
  `password` varchar(191) COLLATE utf8mb4_unicode_ci NOT NULL,
  `image` varchar(191) COLLATE utf8mb4_unicode_ci DEFAULT NULL,
  `remember_token` varchar(100) COLLATE utf8mb4_unicode_ci DEFAULT NULL,
  `api_token` varchar(80) COLLATE utf8mb4_unicode_ci DEFAULT NULL,
  `created_at` timestamp NULL DEFAULT NULL,
  `updated_at` timestamp NULL DEFAULT NULL
) ENGINE=InnoDB DEFAULT CHARSET=utf8mb4 COLLATE=utf8mb4_unicode_ci;

--
-- Dumping data for table `users`
--

INSERT INTO `users` (`id`, `name`, `username`, `email`, `group`, `active`, `email_verified_at`, `password`, `image`, `remember_token`, `api_token`, `created_at`, `updated_at`) VALUES
(1, 'Izabella Kuhlman', 'admin', 'admin@gmail.com', 2, 0, '2020-02-27 16:06:38', '$2y$10$92IXUNpkjO0rOQ5byMi.Ye4oKoEa3Ro9llC/.og/at2.uheWG/igi', 'image/default.jpg', 'MATuIF3Wa59g2wW5KaS3CQJUgsDq0WF78aCsq4fbY3QYvBC4Y7ZzGx1UO5U2', 'D56sHQYAuFVrWhPxGCM7mqsNVJawKKJMQ7WJLzX5yr7xxxPlfpktXWNqIWQroc7cxZCYNFMfqXQ6mr3E', '2020-02-27 16:06:38', '2020-02-27 16:15:49'),
(2, 'Jedediah Rosenbaum DDS', 'elwyn.gutkowski', 'lee79@example.com', 2, 1, '2020-02-27 16:06:38', '$2y$10$92IXUNpkjO0rOQ5byMi.Ye4oKoEa3Ro9llC/.og/at2.uheWG/igi', 'image/default.jpg', 'qoJZHagljY', NULL, '2020-02-27 16:06:38', '2020-02-27 16:06:38'),
(3, 'Dr. Jaydon Effertz', 'osinski.ruthe', 'mgoodwin@example.com', 1, 1, '2020-02-27 16:06:38', '$2y$10$92IXUNpkjO0rOQ5byMi.Ye4oKoEa3Ro9llC/.og/at2.uheWG/igi', 'image/default.jpg', 'iZVHdz9K7D', NULL, '2020-02-27 16:06:39', '2020-02-27 16:06:39'),
(4, 'Prof. Reid Hammes', 'ava52', 'devin.russel@example.org', 1, 0, '2020-02-27 16:06:38', '$2y$10$92IXUNpkjO0rOQ5byMi.Ye4oKoEa3Ro9llC/.og/at2.uheWG/igi', 'image/default.jpg', 'WkvJFoM6FH', NULL, '2020-02-27 16:06:39', '2020-02-27 16:06:39'),
(5, 'Earnestine Baumbach', 'yesenia09', 'ynitzsche@example.com', 1, 1, '2020-02-27 16:06:38', '$2y$10$92IXUNpkjO0rOQ5byMi.Ye4oKoEa3Ro9llC/.og/at2.uheWG/igi', 'image/default.jpg', 'BEvYfhloLb', NULL, '2020-02-27 16:06:39', '2020-02-27 16:06:39'),
(6, 'Wilfrid Schinner', 'tito.wiegand', 'serenity.weissnat@example.org', 2, 1, '2020-02-27 16:06:38', '$2y$10$92IXUNpkjO0rOQ5byMi.Ye4oKoEa3Ro9llC/.og/at2.uheWG/igi', 'image/default.jpg', 'h0TxkOFszV', NULL, '2020-02-27 16:06:39', '2020-02-27 16:06:39'),
(7, 'Peyton Kunze', 'iwuckert', 'priscilla.wuckert@example.org', 2, 1, '2020-02-27 16:06:38', '$2y$10$92IXUNpkjO0rOQ5byMi.Ye4oKoEa3Ro9llC/.og/at2.uheWG/igi', 'image/default.jpg', 'aSSwTottrZ', NULL, '2020-02-27 16:06:39', '2020-02-27 16:06:39'),
(8, 'Miss Ellie Cummerata', 'kiera.kozey', 'tlabadie@example.net', 1, 0, '2020-02-27 16:06:38', '$2y$10$92IXUNpkjO0rOQ5byMi.Ye4oKoEa3Ro9llC/.og/at2.uheWG/igi', 'image/default.jpg', 'LXHX7uAw2v', NULL, '2020-02-27 16:06:39', '2020-02-27 16:06:39'),
(9, 'Sunny Heaney', 'hstokes', 'qkulas@example.com', 2, 1, '2020-02-27 16:06:38', '$2y$10$92IXUNpkjO0rOQ5byMi.Ye4oKoEa3Ro9llC/.og/at2.uheWG/igi', 'image/default.jpg', '6OD6R8J18q', NULL, '2020-02-27 16:06:39', '2020-02-27 16:06:39'),
(10, 'Hanna Champlin', 'roger.crooks', 'lwyman@example.com', 2, 0, '2020-02-27 16:06:38', '$2y$10$92IXUNpkjO0rOQ5byMi.Ye4oKoEa3Ro9llC/.og/at2.uheWG/igi', 'image/default.jpg', 'SkiHa5hdAR', NULL, '2020-02-27 16:06:39', '2020-02-27 16:06:39'),
(11, 'Heloise Rippin', 'fschinner', 'elvie.okeefe@example.org', 2, 0, '2020-02-27 16:06:38', '$2y$10$92IXUNpkjO0rOQ5byMi.Ye4oKoEa3Ro9llC/.og/at2.uheWG/igi', 'image/default.jpg', 'ZMfZLdMFM4', NULL, '2020-02-27 16:06:39', '2020-02-27 16:06:39'),
(12, 'Bradly Schaden', 'heloise74', 'eryn89@example.net', 1, 0, '2020-02-27 16:06:38', '$2y$10$92IXUNpkjO0rOQ5byMi.Ye4oKoEa3Ro9llC/.og/at2.uheWG/igi', 'image/default.jpg', 'deXRxnZaCA', NULL, '2020-02-27 16:06:39', '2020-02-27 16:06:39'),
(13, 'Kianna Effertz', 'garfield.hoeger', 'wschroeder@example.com', 2, 0, '2020-02-27 16:06:38', '$2y$10$92IXUNpkjO0rOQ5byMi.Ye4oKoEa3Ro9llC/.og/at2.uheWG/igi', 'image/default.jpg', 'tu5VZpmhTa', NULL, '2020-02-27 16:06:39', '2020-02-27 16:06:39'),
(14, 'Mrs. Citlalli Howell', 'carmel.kilback', 'alvena.crist@example.com', 2, 0, '2020-02-27 16:06:38', '$2y$10$92IXUNpkjO0rOQ5byMi.Ye4oKoEa3Ro9llC/.og/at2.uheWG/igi', 'image/default.jpg', 'YiQ5wJBYnS', NULL, '2020-02-27 16:06:39', '2020-02-27 16:06:39'),
(15, 'Chaim Kunde', 'zreilly', 'becker.delilah@example.net', 2, 0, '2020-02-27 16:06:38', '$2y$10$92IXUNpkjO0rOQ5byMi.Ye4oKoEa3Ro9llC/.og/at2.uheWG/igi', 'image/default.jpg', 'pUoDj71plt', NULL, '2020-02-27 16:06:39', '2020-02-27 16:06:39'),
(16, 'Ms. Emily Daniel Sr.', 'schuppe.eudora', 'mante.michale@example.com', 2, 1, '2020-02-27 16:06:38', '$2y$10$92IXUNpkjO0rOQ5byMi.Ye4oKoEa3Ro9llC/.og/at2.uheWG/igi', 'image/default.jpg', '8qy2fZRvbq', NULL, '2020-02-27 16:06:39', '2020-02-27 16:06:39'),
(17, 'Prof. Grover Pollich DVM', 'abby37', 'karelle05@example.org', 2, 0, '2020-02-27 16:06:38', '$2y$10$92IXUNpkjO0rOQ5byMi.Ye4oKoEa3Ro9llC/.og/at2.uheWG/igi', 'image/default.jpg', 'By20ahGqzp', NULL, '2020-02-27 16:06:39', '2020-02-27 16:06:39'),
(18, 'Colin Dibbert', 'kailey69', 'lmitchell@example.com', 2, 1, '2020-02-27 16:06:38', '$2y$10$92IXUNpkjO0rOQ5byMi.Ye4oKoEa3Ro9llC/.og/at2.uheWG/igi', 'image/default.jpg', 'KUpYcrkORj', NULL, '2020-02-27 16:06:39', '2020-02-27 16:06:39'),
(19, 'Cydney Rowe', 'marcellus47', 'onie.schroeder@example.net', 2, 1, '2020-02-27 16:06:38', '$2y$10$92IXUNpkjO0rOQ5byMi.Ye4oKoEa3Ro9llC/.og/at2.uheWG/igi', 'image/default.jpg', '0OUcwaXOGx', NULL, '2020-02-27 16:06:39', '2020-02-27 16:06:39'),
(20, 'Greta Swaniawski', 'hill.kavon', 'fspencer@example.com', 1, 1, '2020-02-27 16:06:38', '$2y$10$92IXUNpkjO0rOQ5byMi.Ye4oKoEa3Ro9llC/.og/at2.uheWG/igi', 'image/default.jpg', 'Q02wRLlQwX', NULL, '2020-02-27 16:06:39', '2020-02-27 16:06:39'),
(21, 'Rodger Reynolds', 'derick.zemlak', 'turcotte.duane@example.com', 1, 1, '2020-02-27 16:06:38', '$2y$10$92IXUNpkjO0rOQ5byMi.Ye4oKoEa3Ro9llC/.og/at2.uheWG/igi', 'image/default.jpg', 'qAS5lQ08kS', NULL, '2020-02-27 16:06:39', '2020-02-27 16:06:39'),
(22, 'Crystal Schiller II', 'kaylah.abshire', 'russ32@example.net', 2, 0, '2020-02-27 16:06:38', '$2y$10$92IXUNpkjO0rOQ5byMi.Ye4oKoEa3Ro9llC/.og/at2.uheWG/igi', 'image/default.jpg', '9mGdNVQi81', NULL, '2020-02-27 16:06:39', '2020-02-27 16:06:39'),
(23, 'Lina Simonis', 'fdonnelly', 'hblick@example.net', 2, 1, '2020-02-27 16:06:38', '$2y$10$92IXUNpkjO0rOQ5byMi.Ye4oKoEa3Ro9llC/.og/at2.uheWG/igi', 'image/default.jpg', 'JpTiNVBkjA', NULL, '2020-02-27 16:06:39', '2020-02-27 16:06:39'),
(24, 'Mabelle Pfannerstill', 'vern29', 'yohara@example.org', 2, 0, '2020-02-27 16:06:38', '$2y$10$92IXUNpkjO0rOQ5byMi.Ye4oKoEa3Ro9llC/.og/at2.uheWG/igi', 'image/default.jpg', 'oSBLG7nm8w', NULL, '2020-02-27 16:06:39', '2020-02-27 16:06:39'),
(25, 'Vinnie Beer', 'josefina92', 'cgoldner@example.net', 2, 1, '2020-02-27 16:06:38', '$2y$10$92IXUNpkjO0rOQ5byMi.Ye4oKoEa3Ro9llC/.og/at2.uheWG/igi', 'image/default.jpg', '74fHLsB8y3', NULL, '2020-02-27 16:06:39', '2020-02-27 16:06:39'),
(26, 'Mr. Emory Cummings Jr.', 'arlo.schaefer', 'wisoky.rahsaan@example.com', 1, 1, '2020-02-27 16:06:38', '$2y$10$92IXUNpkjO0rOQ5byMi.Ye4oKoEa3Ro9llC/.og/at2.uheWG/igi', 'image/default.jpg', 'Ea9xKXThI7', NULL, '2020-02-27 16:06:39', '2020-02-27 16:06:39'),
(27, 'Dr. Jaime Buckridge', 'elind', 'vita68@example.com', 2, 1, '2020-02-27 16:06:38', '$2y$10$92IXUNpkjO0rOQ5byMi.Ye4oKoEa3Ro9llC/.og/at2.uheWG/igi', 'image/default.jpg', 'AzeqRrLLLP', NULL, '2020-02-27 16:06:40', '2020-02-27 16:06:40'),
(28, 'Kay Will I', 'price.alexie', 'batz.greta@example.org', 2, 0, '2020-02-27 16:06:38', '$2y$10$92IXUNpkjO0rOQ5byMi.Ye4oKoEa3Ro9llC/.og/at2.uheWG/igi', 'image/default.jpg', 'A4fWkRQCZf', NULL, '2020-02-27 16:06:40', '2020-02-27 16:06:40'),
(29, 'Zackery Kunde', 'kyra50', 'marjorie.klocko@example.net', 1, 0, '2020-02-27 16:06:38', '$2y$10$92IXUNpkjO0rOQ5byMi.Ye4oKoEa3Ro9llC/.og/at2.uheWG/igi', 'image/default.jpg', '8qvN9nMIge', NULL, '2020-02-27 16:06:40', '2020-02-27 16:06:40'),
(30, 'Miss Abby Renner', 'phowell', 'hipolito18@example.org', 2, 1, '2020-02-27 16:06:38', '$2y$10$92IXUNpkjO0rOQ5byMi.Ye4oKoEa3Ro9llC/.og/at2.uheWG/igi', 'image/default.jpg', '6kUH995eCh', NULL, '2020-02-27 16:06:40', '2020-02-27 16:06:40'),
(31, 'Dr. Graciela Beahan', 'pearl.tillman', 'cremin.jewell@example.com', 1, 1, '2020-02-27 16:06:38', '$2y$10$92IXUNpkjO0rOQ5byMi.Ye4oKoEa3Ro9llC/.og/at2.uheWG/igi', 'image/default.jpg', 'EhV6JqxbOg', NULL, '2020-02-27 16:06:40', '2020-02-27 16:06:40'),
(32, 'Richmond Miller', 'oconner.joannie', 'michel.conn@example.net', 2, 0, '2020-02-27 16:06:38', '$2y$10$92IXUNpkjO0rOQ5byMi.Ye4oKoEa3Ro9llC/.og/at2.uheWG/igi', 'image/default.jpg', 'wf7uKMe4h0', NULL, '2020-02-27 16:06:40', '2020-02-27 16:06:40'),
(33, 'Eliseo Spencer', 'verna.reichel', 'sferry@example.com', 1, 1, '2020-02-27 16:06:38', '$2y$10$92IXUNpkjO0rOQ5byMi.Ye4oKoEa3Ro9llC/.og/at2.uheWG/igi', 'image/default.jpg', 'RdLsvXrbGG', NULL, '2020-02-27 16:06:40', '2020-02-27 16:06:40'),
(34, 'Amelie Lind', 'loma46', 'carter34@example.com', 1, 0, '2020-02-27 16:06:38', '$2y$10$92IXUNpkjO0rOQ5byMi.Ye4oKoEa3Ro9llC/.og/at2.uheWG/igi', 'image/default.jpg', 'rY1dAM6owY', NULL, '2020-02-27 16:06:40', '2020-02-27 16:06:40'),
(35, 'Ms. Beulah Weimann MD', 'andreanne.cole', 'reed73@example.org', 2, 0, '2020-02-27 16:06:38', '$2y$10$92IXUNpkjO0rOQ5byMi.Ye4oKoEa3Ro9llC/.og/at2.uheWG/igi', 'image/default.jpg', 'Wf7FTLseHR', NULL, '2020-02-27 16:06:40', '2020-02-27 16:06:40'),
(36, 'Prof. Marcellus Wisoky', 'shanel76', 'olang@example.net', 2, 0, '2020-02-27 16:06:38', '$2y$10$92IXUNpkjO0rOQ5byMi.Ye4oKoEa3Ro9llC/.og/at2.uheWG/igi', 'image/default.jpg', 'BE86jFH3hF', NULL, '2020-02-27 16:06:40', '2020-02-27 16:06:40'),
(37, 'Miss Mireya Eichmann III', 'jaime02', 'gracie65@example.org', 2, 0, '2020-02-27 16:06:38', '$2y$10$92IXUNpkjO0rOQ5byMi.Ye4oKoEa3Ro9llC/.og/at2.uheWG/igi', 'image/default.jpg', 'xBRVmDaR6a', NULL, '2020-02-27 16:06:40', '2020-02-27 16:06:40'),
(38, 'Elody Boyle', 'jessica40', 'ambrose.heidenreich@example.com', 1, 0, '2020-02-27 16:06:38', '$2y$10$92IXUNpkjO0rOQ5byMi.Ye4oKoEa3Ro9llC/.og/at2.uheWG/igi', 'image/default.jpg', 'ifGw6mnC1i', NULL, '2020-02-27 16:06:40', '2020-02-27 16:06:40'),
(39, 'Aimee Ziemann III', 'kfahey', 'price.elva@example.org', 1, 1, '2020-02-27 16:06:38', '$2y$10$92IXUNpkjO0rOQ5byMi.Ye4oKoEa3Ro9llC/.og/at2.uheWG/igi', 'image/default.jpg', 'Ju4vk3S7W8', NULL, '2020-02-27 16:06:40', '2020-02-27 16:06:40'),
(40, 'Jaleel Schowalter', 'kaelyn87', 'germaine.yundt@example.net', 2, 0, '2020-02-27 16:06:38', '$2y$10$92IXUNpkjO0rOQ5byMi.Ye4oKoEa3Ro9llC/.og/at2.uheWG/igi', 'image/default.jpg', 'EnngpWdTzr', NULL, '2020-02-27 16:06:40', '2020-02-27 16:06:40'),
(41, 'Filiberto Watsica', 'shayne55', 'hammes.mabel@example.com', 2, 0, '2020-02-27 16:06:38', '$2y$10$92IXUNpkjO0rOQ5byMi.Ye4oKoEa3Ro9llC/.og/at2.uheWG/igi', 'image/default.jpg', 'AKDdlAIg6y', NULL, '2020-02-27 16:06:40', '2020-02-27 16:06:40'),
(42, 'Clifton Pollich III', 'kshlerin.orlo', 'torn@example.org', 1, 1, '2020-02-27 16:06:38', '$2y$10$92IXUNpkjO0rOQ5byMi.Ye4oKoEa3Ro9llC/.og/at2.uheWG/igi', 'image/default.jpg', 'YWtuAHOEm4', NULL, '2020-02-27 16:06:40', '2020-02-27 16:06:40'),
(43, 'Dr. Quinton Hane MD', 'barton.chance', 'hward@example.com', 1, 0, '2020-02-27 16:06:38', '$2y$10$92IXUNpkjO0rOQ5byMi.Ye4oKoEa3Ro9llC/.og/at2.uheWG/igi', 'image/default.jpg', 'oMFmaYjqL9', NULL, '2020-02-27 16:06:40', '2020-02-27 16:06:40'),
(44, 'Virginia Powlowski IV', 'billy.murray', 'guy.ratke@example.com', 2, 0, '2020-02-27 16:06:38', '$2y$10$92IXUNpkjO0rOQ5byMi.Ye4oKoEa3Ro9llC/.og/at2.uheWG/igi', 'image/default.jpg', 'rkBOo0ERpa', NULL, '2020-02-27 16:06:40', '2020-02-27 16:06:40'),
(45, 'Loma Waters', 'oveum', 'lewis.damore@example.net', 1, 1, '2020-02-27 16:06:38', '$2y$10$92IXUNpkjO0rOQ5byMi.Ye4oKoEa3Ro9llC/.og/at2.uheWG/igi', 'image/default.jpg', 'CaJX26Owxq', NULL, '2020-02-27 16:06:40', '2020-02-27 16:06:40'),
(46, 'Donnie Hagenes', 'zieme.zander', 'nya.bashirian@example.org', 1, 1, '2020-02-27 16:06:38', '$2y$10$92IXUNpkjO0rOQ5byMi.Ye4oKoEa3Ro9llC/.og/at2.uheWG/igi', 'image/default.jpg', 'Cdsb58YCdy', NULL, '2020-02-27 16:06:40', '2020-02-27 16:06:40'),
(47, 'Vanessa Franecki', 'aric86', 'madilyn98@example.net', 2, 1, '2020-02-27 16:06:38', '$2y$10$92IXUNpkjO0rOQ5byMi.Ye4oKoEa3Ro9llC/.og/at2.uheWG/igi', 'image/default.jpg', 'dyB4emrZjW', NULL, '2020-02-27 16:06:40', '2020-02-27 16:06:40'),
(48, 'Tamia Veum', 'ari43', 'zaria.rau@example.com', 2, 0, '2020-02-27 16:06:38', '$2y$10$92IXUNpkjO0rOQ5byMi.Ye4oKoEa3Ro9llC/.og/at2.uheWG/igi', 'image/default.jpg', 'UUyblF0gRx', NULL, '2020-02-27 16:06:40', '2020-02-27 16:06:40'),
(49, 'Antonetta Stokes', 'conn.aliyah', 'kmurray@example.com', 1, 0, '2020-02-27 16:06:38', '$2y$10$92IXUNpkjO0rOQ5byMi.Ye4oKoEa3Ro9llC/.og/at2.uheWG/igi', 'image/default.jpg', 'Yw8FcXYie2', NULL, '2020-02-27 16:06:40', '2020-02-27 16:06:40'),
(50, 'Guadalupe Wisoky IV', 'rokuneva', 'sally.weimann@example.com', 1, 1, '2020-02-27 16:06:38', '$2y$10$92IXUNpkjO0rOQ5byMi.Ye4oKoEa3Ro9llC/.og/at2.uheWG/igi', 'image/default.jpg', 'q57B8cFITE', NULL, '2020-02-27 16:06:40', '2020-02-27 16:06:40');

--
-- Indexes for dumped tables
--

--
-- Indexes for table `comments`
--
ALTER TABLE `comments`
  ADD PRIMARY KEY (`id`),
  ADD KEY `comments_user_id_foreign` (`user_id`),
  ADD KEY `comments_post_id_foreign` (`post_id`);

--
-- Indexes for table `failed_jobs`
--
ALTER TABLE `failed_jobs`
  ADD PRIMARY KEY (`id`);

--
-- Indexes for table `migrations`
--
ALTER TABLE `migrations`
  ADD PRIMARY KEY (`id`);

--
-- Indexes for table `password_resets`
--
ALTER TABLE `password_resets`
  ADD KEY `password_resets_email_index` (`email`);

--
-- Indexes for table `posts`
--
ALTER TABLE `posts`
  ADD PRIMARY KEY (`id`),
  ADD KEY `posts_user_id_foreign` (`user_id`);

--
-- Indexes for table `users`
--
ALTER TABLE `users`
  ADD PRIMARY KEY (`id`),
  ADD UNIQUE KEY `users_username_unique` (`username`),
  ADD UNIQUE KEY `users_email_unique` (`email`),
  ADD UNIQUE KEY `users_api_token_unique` (`api_token`);

--
-- AUTO_INCREMENT for dumped tables
--

--
-- AUTO_INCREMENT for table `comments`
--
ALTER TABLE `comments`
  MODIFY `id` bigint(20) UNSIGNED NOT NULL AUTO_INCREMENT, AUTO_INCREMENT=1101;

--
-- AUTO_INCREMENT for table `failed_jobs`
--
ALTER TABLE `failed_jobs`
  MODIFY `id` bigint(20) UNSIGNED NOT NULL AUTO_INCREMENT;

--
-- AUTO_INCREMENT for table `migrations`
--
ALTER TABLE `migrations`
  MODIFY `id` int(10) UNSIGNED NOT NULL AUTO_INCREMENT, AUTO_INCREMENT=10;

--
-- AUTO_INCREMENT for table `posts`
--
ALTER TABLE `posts`
  MODIFY `id` bigint(20) UNSIGNED NOT NULL AUTO_INCREMENT, AUTO_INCREMENT=201;

--
-- AUTO_INCREMENT for table `users`
--
ALTER TABLE `users`
  MODIFY `id` bigint(20) UNSIGNED NOT NULL AUTO_INCREMENT, AUTO_INCREMENT=51;

--
-- Constraints for dumped tables
--

--
-- Constraints for table `comments`
--
ALTER TABLE `comments`
  ADD CONSTRAINT `comments_post_id_foreign` FOREIGN KEY (`post_id`) REFERENCES `posts` (`id`) ON DELETE CASCADE ON UPDATE CASCADE,
  ADD CONSTRAINT `comments_user_id_foreign` FOREIGN KEY (`user_id`) REFERENCES `users` (`id`) ON DELETE CASCADE ON UPDATE CASCADE;

--
-- Constraints for table `posts`
--
ALTER TABLE `posts`
  ADD CONSTRAINT `posts_user_id_foreign` FOREIGN KEY (`user_id`) REFERENCES `users` (`id`) ON DELETE CASCADE ON UPDATE CASCADE;
COMMIT;

/*!40101 SET CHARACTER_SET_CLIENT=@OLD_CHARACTER_SET_CLIENT */;
/*!40101 SET CHARACTER_SET_RESULTS=@OLD_CHARACTER_SET_RESULTS */;
/*!40101 SET COLLATION_CONNECTION=@OLD_COLLATION_CONNECTION */;
